sex,age,juv_fel_count,juv_misd_count,juv_other_count,priors_count,two_year_recid,age_cat_25-45,age_cat_Greaterthan45,age_cat_Lessthan25,race_African-American,race_Caucasian,c_charge_degree_F,c_charge_degree_M
1,45.94398692537117,0.0,0.0,0.0,0.9424942959375233,0,0,1,0,1,0,1.0,0.0
1,28.24578187201081,0.0,0.0,0.0,10.852379313376648,1,1,0,0,0,1,1.0,0.0
1,46.40110501473051,0.0,0.0,0.0,26.55976414065517,1,0,1,0,0,1,1.0,0.0
1,38.23646439839489,0.0,0.0,0.0,0.0,0,1,0,0,0,1,1.0,0.0
1,22.322744382677374,0.0,0.0,0.0,16.844676385732036,1,0,0,1,0,1,1.0,0.0
1,47.47488463124086,0.0,0.0,0.0,1.1249430420389404,1,0,1,0,0,1,1.0,0.0
1,22.552062023836157,0.0,0.0,0.0,0.0,0,0,0,1,0,1,1.0,0.0
1,45.40355721273769,0.0,0.0,0.0,0.0,1,0,1,0,0,1,1.0,0.0
1,48.17772680566208,0.0,0.0,0.0,1.860599989419897,1,0,0,0,1,0,0.0,1.0
1,28.430325041552447,0.0,0.0,0.0,2.0433857336165953,0,1,0,0,1,0,0.0,1.0
1,28.471014413863433,0.0,0.0,0.0,3.743097625364198,1,1,0,0,1,0,1.0,0.0
1,47.42014119619529,0.0,0.0,0.0,9.943206872022024,1,0,1,0,1,0,1.0,0.0
1,21.98725530668871,0.0,1.0,0.0,10.193921806796585,1,0,0,1,0,1,1.0,0.0
1,23.00282996494804,0.0,0.0,1.0,0.0,0,1,0,0,1,0,0.0,1.0
1,38.36308274379242,0.0,0.0,0.0,0.1430249781360321,1,1,0,0,1,0,0.0,1.0
1,47.97750255558404,0.0,0.0,0.0,8.47297386341856,0,0,1,0,1,0,1.0,0.0
1,44.708672492216614,0.0,6.0,0.0,15.340555193348692,0,1,0,0,1,0,1.0,0.0
1,46.871373167871276,0.0,0.0,0.0,2.0905373139312156,1,0,1,0,0,1,1.0,0.0
1,30.924360220947634,0.0,0.0,0.0,11.451281255575335,0,1,0,0,0,1,1.0,0.0
0,44.13558350727434,0.0,0.0,0.0,0.6434564304675792,0,1,0,0,1,0,1.0,0.0
1,45.51638797697498,0.0,0.0,0.0,0.0,1,0,1,0,1,0,1.0,0.0
0,46.12713161169402,0.0,0.0,0.0,0.0,1,0,1,0,0,1,0.0,1.0
1,28.809301652085573,0.0,0.0,0.0,16.77785569598332,1,1,0,0,0,1,1.0,0.0
0,22.357463720796293,0.0,0.0,0.0,2.258328221300605,0,0,0,1,0,1,1.0,0.0
0,38.30782113507741,0.0,0.0,0.0,0.0,0,1,0,0,0,1,1.0,0.0
0,28.76602862885191,0.0,0.0,0.0,0.0,0,1,0,0,1,0,1.0,0.0
1,22.352907083116893,0.0,0.0,0.0,0.10755913031571301,1,0,0,1,0,1,1.0,0.0
1,23.087466921940134,0.0,0.0,0.0,0.8938685562828851,1,1,0,0,1,0,1.0,0.0
1,28.947732656432386,2.0,0.0,0.0,0.9431649129281583,0,1,0,0,1,0,1.0,0.0
1,28.938537447559288,0.0,0.0,0.0,11.603249773108109,0,1,0,0,1,0,0.0,1.0
1,38.217454388203365,0.0,0.0,0.0,9.577519117687814,0,1,0,0,0,1,0.0,1.0
1,30.910285789861657,0.0,0.0,0.0,20.307862764970068,1,1,0,0,0,1,1.0,0.0
1,28.544002684670737,0.0,0.0,0.0,14.255353124201623,0,1,0,0,0,1,1.0,0.0
1,22.736486493615132,0.0,0.0,0.0,3.288324155189823,0,0,0,1,0,1,0.0,1.0
1,28.421620714012093,0.0,0.0,0.0,1.771462929060988,1,1,0,0,0,1,1.0,0.0
1,31.68855919583077,0.0,0.0,0.0,0.9344094174442537,1,1,0,0,1,0,1.0,0.0
1,38.324524729714945,0.0,0.0,0.0,0.7218251103082461,1,1,0,0,1,0,1.0,0.0
1,38.52926281837068,0.0,0.0,0.0,0.8543113737780829,1,1,0,0,1,0,1.0,0.0
1,35.54907675502776,0.0,0.0,0.0,3.3331914121543407,1,1,0,0,1,0,1.0,0.0
0,31.90862769124111,0.0,0.0,0.0,0.014640994314868427,1,1,0,0,0,1,1.0,0.0
0,47.95795851678614,0.0,0.0,0.0,9.142574856190892,1,0,1,0,1,0,1.0,0.0
0,21.980139056394425,0.0,0.0,0.0,1.091273595949788,0,0,0,1,1,0,1.0,0.0
1,27.93996020095588,0.0,0.0,0.0,17.006054700827697,0,1,0,0,0,1,0.0,1.0
1,28.127512443092456,0.0,1.0,1.0,14.573647969992619,1,1,0,0,1,0,1.0,0.0
1,28.61736352453554,0.0,0.0,1.0,0.1866138036320318,0,1,0,0,0,1,0.0,1.0
1,35.26261323166717,0.0,0.0,0.0,0.15838739530481424,0,1,0,0,0,1,1.0,0.0
1,22.361171830323094,0.0,0.0,0.0,0.11117325861316679,0,0,0,1,1,0,0.0,1.0
0,28.13327888817368,0.0,0.0,1.0,0.0,0,1,0,0,1,0,1.0,0.0
1,48.10553684337513,0.0,0.0,1.0,4.980834779431538,1,0,1,1,1,0,0.0,1.0
1,22.450227189196497,0.0,0.0,0.0,1.329428045932678,1,0,0,1,0,1,1.0,0.0
1,47.940970693902486,0.0,0.0,0.0,23.28231558000927,1,0,1,0,1,0,1.0,0.0
1,35.5653551330514,0.0,6.0,0.0,0.36141746250505935,1,1,0,0,0,1,1.0,0.0
0,22.35804974705915,0.0,0.0,0.0,14.970836905424527,1,0,0,1,1,0,1.0,0.0
1,46.70047447339307,0.0,0.0,0.0,9.78347735709979,0,0,1,0,1,0,1.0,0.0
0,22.905743252332194,0.0,0.0,2.0,22.81428397370486,0,1,0,0,1,0,1.0,0.0
1,22.501644534964985,0.0,0.0,0.0,28.694591943129936,1,0,0,1,1,0,1.0,0.0
0,28.964805946464637,0.0,0.0,0.0,0.6908850944056986,0,1,0,0,0,1,0.0,1.0
1,39.47134375661743,2.0,0.0,0.0,14.275304475878386,1,1,0,0,1,0,1.0,0.0
1,28.47760234462327,0.0,0.0,0.0,2.415663435384898,1,1,0,0,1,0,1.0,0.0
1,22.356869569892446,0.0,0.0,1.0,0.0,0,0,0,1,1,0,1.0,0.0
0,34.96665663247194,0.0,0.0,0.0,6.228908092831845,0,1,0,0,1,0,1.0,0.0
0,31.030238661641324,0.0,0.0,0.0,0.6309743828692702,1,1,0,0,0,1,1.0,0.0
1,47.692017087675275,0.0,0.0,0.0,6.135012120617678,0,0,1,0,0,1,1.0,0.0
1,23.429167139836853,0.0,0.0,1.0,11.494952649025869,1,1,0,0,0,1,1.0,0.0
1,48.0317367681708,0.0,0.0,0.0,0.8811806660292549,1,0,0,0,0,1,1.0,0.0
1,34.180028482484545,0.0,0.0,0.0,0.5994847394171868,0,1,0,0,1,0,0.0,1.0
1,28.566843477718116,0.0,0.0,0.0,10.780858269070054,1,1,0,0,1,0,1.0,0.0
1,22.360431318980172,0.0,0.0,0.0,3.9887596832719443,1,0,0,1,0,1,1.0,0.0
1,22.541034781793012,0.0,0.0,0.0,0.8567315195010714,1,0,0,1,0,1,1.0,0.0
0,29.223286706172594,0.0,0.0,1.0,2.3228065197302774,1,1,0,0,0,1,1.0,0.0
1,22.31952480372158,0.0,0.0,0.0,3.5973495587042126,0,0,0,1,0,1,1.0,0.0
1,28.552608800680073,0.0,0.0,0.0,2.030600315082393,1,1,0,0,1,0,0.0,1.0
1,22.349313010817184,0.0,0.0,0.0,7.5463136245771345,1,0,0,1,0,1,1.0,0.0
1,38.45325036702482,0.0,0.0,1.0,14.90164951373668,1,1,0,0,0,1,1.0,0.0
1,22.072338768231166,0.0,0.0,0.0,0.11987557584714872,0,0,0,1,0,1,1.0,0.0
1,39.29582466329227,0.0,0.0,0.0,2.222452304726823,0,1,0,0,1,0,1.0,0.0
1,23.148322411805598,0.0,0.0,0.0,0.0,1,1,0,0,0,1,1.0,0.0
1,35.563098466107725,0.0,0.0,0.0,24.76256987886145,1,1,0,0,0,1,0.0,1.0
1,28.704009016790103,0.0,0.0,0.0,0.02750555056656362,0,1,0,0,0,1,1.0,0.0
0,35.56811447794059,0.0,0.0,0.0,0.0,0,1,0,0,0,1,1.0,0.0
1,28.928618611893953,0.0,0.0,0.0,0.0,0,1,0,0,0,1,0.0,1.0
1,31.016814063522155,0.0,0.0,0.0,0.6946360644972764,0,1,0,0,0,1,1.0,0.0
0,22.336834731273992,0.0,0.0,0.0,9.293378968668657,1,0,0,1,1,0,1.0,0.0
1,22.355542915385357,0.0,0.0,2.0,0.4513200526793354,1,0,0,1,1,0,1.0,0.0
1,22.92795011727499,0.0,0.0,1.0,9.313463799765591,0,1,0,0,1,0,1.0,0.0
1,31.394928414116375,0.0,0.0,0.0,0.2724847656859856,1,1,0,0,0,1,1.0,0.0
1,31.351506065331144,0.0,0.0,0.0,0.0,0,1,0,0,1,0,1.0,0.0
1,31.28919009293833,0.0,0.0,0.0,15.56958834600421,0,1,0,0,0,1,1.0,0.0
1,22.36023545083666,0.0,0.0,0.0,0.47277218249152175,1,0,0,1,1,0,1.0,0.0
1,35.235810069579124,0.0,0.0,0.0,4.135689851772083,1,1,0,0,1,0,1.0,0.0
0,35.46434803543586,2.0,0.0,0.0,1.5073060798147948,1,1,0,0,0,1,1.0,0.0
1,22.361850559324125,0.0,6.0,0.0,9.704674131908329,1,0,0,1,1,0,1.0,0.0
1,34.67137896019749,0.0,1.0,1.0,12.123976809417812,1,1,0,0,1,0,1.0,0.0
1,34.85321973172339,0.0,0.0,0.0,0.1282101363360002,0,1,0,0,0,1,0.0,1.0
0,28.510896229958913,0.0,0.0,0.0,0.8583898897680935,0,1,0,0,0,1,1.0,0.0
1,38.683578242711256,0.0,0.0,0.0,3.530766967435381,1,1,0,0,0,1,0.0,1.0
1,43.04032430226541,0.0,0.0,0.0,0.9267504408183733,0,1,0,0,1,0,1.0,0.0
1,29.126879305115537,0.0,0.0,0.0,8.130720557340151,1,1,0,0,0,1,0.0,1.0
1,22.168297909269437,0.0,0.0,0.0,0.2602846847534438,0,0,0,1,1,0,0.0,1.0
1,28.420112452905663,0.0,0.0,0.0,2.762027198448279,1,1,0,0,1,0,0.0,1.0
1,46.10406383431015,0.0,0.0,0.0,12.490424576425495,0,0,1,0,1,0,1.0,0.0
1,21.978346725522265,0.0,0.0,0.0,1.8649922455894674,0,0,0,1,1,0,1.0,0.0
0,45.96555330479118,0.0,0.0,0.0,0.0,1,0,1,0,0,1,0.0,1.0
1,36.039932984710006,0.0,0.0,0.0,0.12997301911433554,0,1,0,0,0,1,1.0,0.0
0,35.338572572985235,0.0,0.0,0.0,10.019264036469355,0,1,0,0,1,0,1.0,0.0
1,45.78276709491354,0.0,0.0,0.0,0.0,0,0,1,0,1,0,1.0,0.0
1,35.28811436153444,0.0,0.0,0.0,0.3255048043667383,0,1,0,0,1,0,1.0,0.0
1,47.75844515742638,0.0,0.0,0.0,20.662504764305083,1,0,1,0,0,1,1.0,0.0
1,46.77203841537155,0.0,0.0,0.0,20.414064910603766,1,0,1,0,1,0,0.0,1.0
1,23.43851024316947,0.0,0.0,0.0,0.0,1,1,0,0,1,0,0.0,1.0
1,28.314854024139844,0.0,1.0,1.0,3.0934916920124436,1,1,0,0,1,0,1.0,0.0
1,28.922814786481357,0.0,0.0,0.0,2.8646199529624443,0,1,0,0,0,1,1.0,0.0
1,22.3365141294336,0.0,0.0,0.0,1.7978381294397698,0,0,0,1,0,1,0.0,1.0
1,46.94634607131009,0.0,0.0,0.0,0.0,0,0,1,0,1,0,0.0,1.0
1,22.867028285916575,0.0,0.0,0.0,10.251150573219551,1,1,0,0,0,1,1.0,0.0
1,38.2374735114282,0.0,0.0,1.0,2.5556069477059955,1,1,0,0,1,0,1.0,0.0
0,39.6502958245478,0.0,0.0,0.0,3.3385971707119704,0,0,0,1,1,0,1.0,0.0
1,28.630681501843362,0.0,0.0,0.0,21.53365895705778,0,1,0,0,0,1,0.0,1.0
1,28.549234167839764,0.0,0.0,0.0,10.33183921168445,1,1,0,0,1,0,1.0,0.0
1,38.26809956719036,0.0,0.0,0.0,30.992989165565405,1,1,0,0,0,1,1.0,0.0
1,35.014992488899104,0.0,0.0,0.0,5.781978234264521,1,1,0,0,0,1,1.0,0.0
1,22.447517826004567,0.0,0.0,0.0,0.9638328122627385,0,0,0,1,0,1,1.0,0.0
1,47.772747438057046,0.0,0.0,0.0,0.19313289792763563,1,0,1,0,0,1,0.0,1.0
1,28.33825975389345,0.0,0.0,0.0,4.157686859432421,1,1,0,0,1,0,0.0,1.0
1,23.07488465868244,0.0,0.0,0.0,3.8492054228336423,0,1,0,0,1,0,1.0,0.0
1,22.506820574231007,0.0,0.0,0.0,11.621941935960514,1,0,0,1,0,1,1.0,0.0
1,37.21291032782107,0.0,0.0,0.0,0.07720151737176989,0,1,0,0,0,1,1.0,0.0
1,29.129066759790124,0.0,0.0,1.0,2.891080709350317,0,1,0,0,0,1,1.0,0.0
1,22.4891134744807,0.0,0.0,0.0,0.0,0,0,0,1,1,0,0.0,1.0
1,46.15251998856872,0.0,0.0,0.0,7.5649904684677125,1,0,1,0,0,1,1.0,0.0
1,28.79611274271438,0.0,0.0,0.0,3.974209833758166,1,1,0,0,0,1,1.0,0.0
1,38.21217761169992,0.0,0.0,0.0,27.43704223782094,1,1,0,0,1,0,1.0,0.0
1,22.688959477289114,0.0,0.0,0.0,0.4865095327184221,0,0,0,1,0,1,1.0,0.0
0,47.83247882833005,0.0,0.0,0.0,0.31290389386249223,0,0,1,0,0,1,1.0,0.0
1,37.877757552461425,0.0,0.0,0.0,0.0948848023003182,0,1,0,0,1,0,0.0,1.0
1,45.428330481213735,0.0,0.0,0.0,0.0,0,0,1,0,0,1,0.0,1.0
1,22.636472542992394,0.0,0.0,0.0,0.0,1,0,0,1,1,0,1.0,0.0
1,46.95575375416411,0.0,0.0,0.0,24.17653029291106,1,0,1,0,1,0,1.0,0.0
1,39.166805138679976,0.0,0.0,0.0,28.512081349153895,1,1,0,0,0,1,1.0,0.0
1,28.89704386915683,0.0,0.0,0.0,1.9790522244443525,0,1,0,0,1,0,0.0,1.0
0,38.587941021762205,0.0,0.0,0.0,0.0,1,0,1,1,1,0,0.0,1.0
0,28.58297961463128,0.0,0.0,0.0,4.1078865761660035,1,1,0,0,0,1,1.0,0.0
1,38.08917138115713,0.0,0.0,1.0,0.0,0,1,0,0,1,0,0.0,1.0
1,45.114675032023115,0.0,0.0,0.0,13.105781391064053,0,1,0,0,0,1,0.0,1.0
1,30.96302447850825,0.0,0.0,1.0,0.0,0,1,0,0,0,1,1.0,0.0
1,47.45544162864511,0.0,0.0,0.0,0.9187468762710145,1,0,1,0,0,1,1.0,0.0
1,28.600206481402335,0.0,0.0,0.0,0.5353347428583336,1,1,0,0,0,1,1.0,0.0
1,22.54474283286916,0.0,0.0,0.0,30.23665087300615,1,0,0,1,1,0,1.0,0.0
1,35.247800383707904,0.0,0.0,0.0,0.24907299654492523,1,1,0,0,0,1,0.0,1.0
1,35.16284582740654,0.0,0.0,0.0,0.10386930926319604,0,1,0,0,1,0,1.0,0.0
1,47.9731838641596,0.0,0.0,0.0,0.8297355868762022,0,0,1,0,1,0,1.0,0.0
1,29.015828335565466,0.0,0.0,0.0,2.7287190633283807,1,1,0,0,1,0,1.0,0.0
1,47.3291880028806,0.0,0.0,0.0,3.712775503191309,1,0,1,0,0,1,0.0,1.0
1,30.804331776511173,0.0,0.0,0.0,6.334072850406594,0,1,0,0,1,0,1.0,0.0
0,39.47650297819991,0.0,0.0,0.0,0.0,0,1,0,0,0,1,0.0,1.0
1,35.43317350205951,0.0,0.0,0.0,6.129692357851487,0,1,0,0,0,1,0.0,1.0
1,35.01812246668161,0.0,0.0,1.0,0.3572223811593388,0,1,0,0,0,1,1.0,0.0
0,30.643706573718852,0.0,0.0,0.0,5.805270352501061,0,1,0,0,0,1,1.0,0.0
1,28.910077262243725,0.0,0.0,0.0,0.5612813716541228,0,1,0,0,0,1,1.0,0.0
0,28.353031332389182,0.0,0.0,0.0,0.0,1,1,0,0,1,0,0.0,1.0
1,48.12671766864775,0.0,6.0,0.0,9.106879743039313,1,0,1,0,1,0,0.0,1.0
1,47.162312974116574,0.0,0.0,0.0,0.0,1,0,1,0,0,1,1.0,0.0
0,34.713059575978484,0.0,0.0,0.0,1.1051618037707431,1,1,0,0,1,0,1.0,0.0
1,45.42853012874917,0.0,0.0,0.0,0.0,0,0,1,0,1,0,1.0,0.0
1,28.703019848587264,0.0,0.0,0.0,0.6028991221181751,1,1,0,0,0,1,1.0,0.0
1,44.585290414634564,0.0,0.0,0.0,6.4238915051473,1,1,0,0,0,1,1.0,0.0
1,28.325711423502813,0.0,0.0,0.0,2.196885174757688,1,1,0,0,0,1,1.0,0.0
1,35.03586637476962,0.0,0.0,0.0,0.08456114327870662,1,1,0,0,0,1,1.0,0.0
0,29.161067497247043,0.0,0.0,0.0,0.0,0,1,0,0,1,0,1.0,0.0
0,28.792316875856855,0.0,0.0,1.0,3.862338239025429,0,1,0,0,0,1,1.0,0.0
1,47.75073286204433,1.0,0.0,0.0,0.4654365210000633,0,0,1,0,1,0,1.0,0.0
0,38.95181338201981,0.0,0.0,0.0,13.287609129554072,1,1,0,0,0,1,0.0,1.0
1,38.34882381169501,0.0,0.0,0.0,1.0266461996825271,1,1,0,0,1,0,1.0,0.0
1,45.01478196208308,0.0,0.0,0.0,4.140008236853878,1,1,0,0,1,0,1.0,0.0
1,38.18829686929829,0.0,0.0,0.0,0.969030361615914,1,1,0,0,1,0,1.0,0.0
1,28.40390508177611,0.0,0.0,0.0,1.0228592420728249,1,1,0,0,1,0,0.0,1.0
1,29.191519772109075,0.0,0.0,0.0,0.6275487280448364,0,1,0,0,1,0,0.0,1.0
1,35.06257829542674,0.0,0.0,0.0,2.774456507798144,0,1,0,0,0,1,1.0,0.0
1,22.32042985365716,0.0,0.0,1.0,4.040873768587197,0,0,0,1,1,0,1.0,0.0
1,22.7913263297868,0.0,0.0,0.0,14.864706423467812,1,1,0,1,0,1,1.0,0.0
1,22.145974318369436,0.0,0.0,0.0,0.0,1,0,0,1,1,0,0.0,1.0
1,46.76462680372708,0.0,0.0,0.0,3.4356844732428087,0,0,1,0,0,1,0.0,1.0
1,47.57097571750696,0.0,0.0,0.0,17.20362054482855,1,0,1,0,0,1,1.0,0.0
0,38.84828708146741,0.0,0.0,0.0,0.5866035575269533,0,1,0,0,0,1,1.0,0.0
1,22.009731219994553,0.0,0.0,0.0,3.8914977134542843,1,0,0,1,1,0,1.0,0.0
1,47.59357792007135,0.0,0.0,0.0,0.22896458415017687,0,0,1,0,1,0,1.0,0.0
1,22.438308048615053,0.0,0.0,1.0,0.018094130516778995,0,0,0,1,0,1,1.0,0.0
1,22.48540630016437,0.0,0.0,2.0,7.096461150636776,0,0,0,1,0,1,0.0,1.0
1,22.916841161216734,0.0,0.0,0.0,12.702853404679924,0,1,0,0,1,0,1.0,0.0
1,34.99421777849699,0.0,0.0,0.0,2.127358064559591,1,1,0,0,1,0,1.0,0.0
1,47.73541496550971,0.0,0.0,0.0,5.473144223169765,1,0,1,0,0,1,1.0,0.0
1,28.855449081743956,0.0,0.0,0.0,14.590142433507157,1,1,0,0,0,1,1.0,0.0
1,38.22019383770092,0.0,0.0,0.0,2.3504797583441097,1,1,0,0,0,1,1.0,0.0
1,21.990409304010054,0.0,0.0,0.0,0.0,1,0,0,1,1,0,0.0,1.0
1,22.79629185902034,0.0,0.0,0.0,17.71442485834983,1,0,0,1,0,1,1.0,0.0
1,27.97631856817483,0.0,0.0,0.0,0.9870530296596005,1,1,0,0,1,0,1.0,0.0
1,47.372126772212496,0.0,0.0,0.0,0.0,1,0,1,0,0,1,1.0,0.0
1,22.356452173768062,0.0,0.0,0.0,2.633872372000407,0,0,0,1,1,0,0.0,1.0
1,28.107138928238005,0.0,0.0,0.0,3.7392125607988196,1,1,0,0,1,0,1.0,0.0
0,35.1407699348591,0.0,0.0,0.0,0.0,1,1,0,0,0,1,1.0,0.0
0,48.00527740755338,0.0,0.0,0.0,1.974389521322306,0,0,1,0,0,1,1.0,0.0
1,47.67361556625122,0.0,0.0,0.0,6.074399464598924,1,0,1,0,0,1,1.0,0.0
1,28.0097811939686,0.0,0.0,0.0,0.3225304062520086,0,1,0,0,0,1,1.0,0.0
1,28.67671326406127,0.0,0.0,0.0,6.547290695133034,0,1,0,0,0,1,1.0,0.0
1,46.313846513255825,0.0,0.0,0.0,0.0,0,0,1,0,0,1,0.0,1.0
1,22.388494822610966,0.0,0.0,0.0,5.369025033553257,0,0,0,1,0,1,0.0,1.0
1,35.16128423881707,0.0,0.0,0.0,0.765351002260154,1,1,0,0,1,0,1.0,0.0
1,28.495617548477192,0.0,0.0,0.0,25.255754606385885,1,1,0,0,0,1,1.0,0.0
1,45.45433477477671,0.0,0.0,0.0,5.406334742702489,0,0,1,0,1,0,1.0,0.0
1,28.69666766076632,1.0,0.0,0.0,0.5714574223679234,1,1,0,0,1,0,0.0,1.0
1,28.547213161433177,0.0,0.0,0.0,1.9725051395928028,1,1,0,0,0,1,1.0,0.0
1,45.67368517792059,0.0,0.0,0.0,2.221636923093616,1,0,1,0,0,1,1.0,0.0
0,22.20808407160629,0.0,0.0,0.0,2.6146930491893823,0,0,0,1,1,0,0.0,1.0
1,22.002091368736508,0.0,0.0,0.0,0.0,1,0,1,1,0,1,1.0,0.0
0,37.43044465947467,0.0,6.0,0.0,0.5946190633871442,0,1,0,0,1,0,1.0,0.0
1,34.95004389144057,0.0,0.0,0.0,24.779509311966795,1,1,0,0,0,1,1.0,0.0
1,29.051843226909345,0.0,0.0,0.0,10.457109780218458,0,1,0,0,1,0,1.0,0.0
1,46.17570456380226,0.0,0.0,0.0,14.413598543858075,0,0,1,0,0,1,1.0,0.0
0,22.319049366097197,0.0,0.0,0.0,0.0,1,0,0,1,1,0,1.0,0.0
1,46.31922648894758,0.0,0.0,0.0,0.3025688883630588,0,0,1,0,1,0,1.0,0.0
1,28.50244580655619,0.0,0.0,1.0,10.017705963516384,0,1,0,0,1,0,1.0,0.0
1,29.280759318303062,0.0,0.0,0.0,4.483541219600257,1,1,0,0,1,0,0.0,1.0
1,35.497210251925786,0.0,0.0,0.0,0.7073790067311116,0,1,0,0,0,1,1.0,0.0
1,46.74582760381139,0.0,0.0,0.0,0.1518121485842362,0,0,1,0,1,0,0.0,1.0
1,28.06341222768065,0.0,0.0,0.0,6.470029379747172,0,1,0,0,1,0,0.0,1.0
1,45.716368527733465,0.0,0.0,0.0,0.08344606556836043,1,0,1,0,1,0,0.0,1.0
1,45.98312269205437,0.0,0.0,0.0,10.503679110548049,1,0,1,0,0,1,1.0,0.0
1,22.039881821148573,0.0,0.0,0.0,3.9355770833694543,1,0,1,1,1,0,1.0,0.0
1,22.290602543073643,0.0,0.0,0.0,0.0,1,0,0,1,1,0,0.0,1.0
1,23.4627838648077,0.0,0.0,0.0,0.04923035274748072,1,1,0,0,0,1,1.0,0.0
1,22.564104378397463,0.0,0.0,0.0,27.089325332302632,0,0,0,1,1,0,1.0,0.0
1,47.94681866928257,0.0,1.0,0.0,23.000611750953848,1,0,0,0,0,1,1.0,0.0
1,46.45255547787581,0.0,0.0,0.0,0.3209129011501955,0,0,1,0,1,0,0.0,1.0
1,46.04092792816971,0.0,0.0,0.0,0.0,0,0,1,0,0,1,0.0,1.0
0,23.462206839945647,2.0,0.0,0.0,11.629287016316406,0,1,0,0,1,0,1.0,0.0
1,45.599975631153384,0.0,0.0,0.0,0.0,1,0,1,0,0,1,0.0,1.0
1,22.691025707928652,0.0,1.0,1.0,24.200380732986456,0,0,0,1,0,1,1.0,0.0
1,28.83488602039787,0.0,0.0,0.0,1.8153004205515664,1,1,0,0,1,0,1.0,0.0
1,44.213927013580104,0.0,0.0,0.0,0.013399097780321945,1,1,0,0,1,0,0.0,1.0
1,38.63871604611188,0.0,0.0,0.0,0.0,0,1,0,0,1,0,1.0,0.0
1,47.95796336652384,0.0,0.0,0.0,13.55418567595863,0,0,1,0,1,0,1.0,0.0
1,21.974165165693332,0.0,0.0,0.0,9.929894907148,1,0,1,1,1,0,1.0,0.0
1,46.19551533817382,0.0,0.0,0.0,10.392377642244806,0,0,1,0,1,0,0.0,1.0
1,22.518576637486163,0.0,0.0,1.0,0.0,1,0,0,1,1,0,1.0,0.0
0,39.118844069154875,0.0,0.0,0.0,0.0,0,0,0,1,0,1,1.0,0.0
1,46.50301012821278,0.0,0.0,0.0,12.477606290982754,1,0,1,0,1,0,1.0,0.0
1,28.41167401942055,0.0,0.0,1.0,7.777750723310414,1,1,0,0,0,1,1.0,0.0
1,38.978929583713075,0.0,0.0,0.0,0.0,1,1,0,0,0,1,0.0,1.0
1,29.115741729589594,0.0,0.0,0.0,4.265550222699027,1,1,0,0,0,1,1.0,0.0
1,23.50553397216252,0.0,1.0,0.0,1.068086689313504,1,1,0,0,1,0,0.0,1.0
1,48.11415118996991,0.0,0.0,0.0,0.30211837519711754,0,0,1,0,1,0,0.0,1.0
1,35.432973450971836,0.0,0.0,0.0,4.332471706527031,1,1,0,0,1,0,1.0,0.0
0,46.34738891578834,0.0,0.0,0.0,1.783631430927595,0,0,1,0,0,1,0.0,1.0
1,29.151917074242668,0.0,0.0,0.0,7.324732049221052,0,1,0,0,1,0,1.0,0.0
1,22.320614557725644,0.0,1.0,0.0,7.277883851760228,1,0,0,1,0,1,1.0,0.0
1,47.66485370680131,0.0,0.0,0.0,0.0,0,0,1,0,1,0,1.0,0.0
1,28.49981278538453,0.0,0.0,0.0,14.854361325916082,1,1,0,0,1,0,1.0,0.0
0,35.879192219122544,0.0,0.0,0.0,0.0,0,1,0,0,1,0,0.0,1.0
1,28.532810978193226,0.0,0.0,0.0,21.71142298805266,1,1,0,0,1,0,0.0,1.0
1,34.63646891196447,0.0,0.0,0.0,7.067370115472014,1,1,0,0,0,1,1.0,0.0
1,28.536805912947546,0.0,0.0,0.0,3.5949425637049983,0,1,0,0,0,1,1.0,0.0
0,22.294722262110025,0.0,0.0,0.0,5.903655492650872,0,0,0,1,1,0,0.0,1.0
1,36.18370851131558,0.0,0.0,0.0,0.1402735985375467,0,1,0,0,1,0,1.0,0.0
1,46.685223664896675,0.0,0.0,0.0,17.131956156955276,0,0,1,0,0,1,1.0,0.0
1,36.0917677516621,0.0,0.0,0.0,0.0,0,1,0,0,0,1,0.0,1.0
1,36.211372233110794,0.0,0.0,0.0,14.694290198839358,1,1,0,0,1,0,1.0,0.0
1,34.718177030147594,0.0,0.0,0.0,4.502167567790376,0,1,0,0,1,0,1.0,0.0
0,39.73756808800255,0.0,0.0,1.0,6.371400839983483,1,0,0,1,1,0,1.0,0.0
1,47.518098219042585,0.0,0.0,0.0,7.712574648918293,1,0,1,0,0,1,1.0,0.0
1,37.70280854052596,0.0,0.0,0.0,5.902218272663507,0,1,0,0,0,1,1.0,0.0
1,22.6469312355184,0.0,0.0,0.0,2.911371171174666,1,0,0,1,1,0,0.0,1.0
1,43.8731165433855,0.0,0.0,0.0,4.007815505396577,1,1,0,0,0,1,1.0,0.0
1,35.6234362543614,0.0,0.0,0.0,0.26415123128752693,0,1,0,0,1,0,1.0,0.0
0,22.357808404306372,0.0,0.0,1.0,6.295831686789092,1,0,0,1,1,0,1.0,0.0
1,45.63677503669821,0.0,1.0,0.0,3.7004149203044925,0,0,1,0,1,0,1.0,0.0
1,47.357605040950766,0.0,0.0,0.0,0.6104717584423075,0,0,1,0,0,1,1.0,0.0
1,28.064488851753115,0.0,0.0,0.0,0.9591616324101953,1,1,0,0,0,1,1.0,0.0
1,46.781775476244555,0.0,0.0,0.0,0.40151326067626886,1,0,1,0,0,1,1.0,0.0
1,29.312419753686633,0.0,0.0,0.0,7.346237939552418,0,1,0,0,1,0,0.0,1.0
1,28.24576036068804,0.0,0.0,1.0,2.5893233379193727,0,1,0,0,1,0,1.0,0.0
1,38.40431513232191,0.0,6.0,0.0,11.798539194748043,1,1,0,0,0,1,1.0,0.0
1,22.683244727565114,0.0,0.0,2.0,0.8611097728527826,1,0,0,1,0,1,1.0,0.0
1,22.73255215082976,0.0,0.0,0.0,0.0,0,0,0,1,0,1,0.0,1.0
1,46.581170521756825,0.0,0.0,1.0,0.0,0,0,1,0,0,1,0.0,1.0
1,22.054755408516616,0.0,0.0,0.0,8.074425542581757,0,0,0,1,0,1,0.0,1.0
1,35.29322728196785,0.0,0.0,0.0,2.0373717437991457,1,1,0,0,1,0,0.0,1.0
1,22.353466865035845,0.0,0.0,0.0,21.30088262032583,1,0,0,1,0,1,1.0,0.0
1,22.34885534219179,0.0,0.0,0.0,5.345207496215349,1,0,0,1,1,0,1.0,0.0
1,46.27476773099063,0.0,0.0,0.0,0.2963840467306291,0,0,1,0,1,0,1.0,0.0
1,29.18119010544327,0.0,0.0,0.0,2.8269963033172463,1,1,0,0,1,0,1.0,0.0
1,35.06087219401189,0.0,0.0,0.0,2.235288599336946,1,1,0,0,0,1,1.0,0.0
1,35.69362698372073,0.0,0.0,0.0,4.454143246303614,1,1,0,0,1,0,0.0,1.0
0,47.83352475509465,0.0,0.0,0.0,0.0,0,0,1,0,0,1,0.0,1.0
1,31.340278587158075,0.0,0.0,0.0,2.074587577245045,0,1,0,0,0,1,1.0,0.0
1,28.690677991630768,0.0,0.0,0.0,3.5255566570586074,1,1,0,0,0,1,0.0,1.0
1,29.077736864567058,0.0,0.0,0.0,26.432651479843443,1,1,0,0,0,1,1.0,0.0
1,47.89278289179681,0.0,0.0,0.0,8.953367282054058,0,0,1,0,0,1,1.0,0.0
1,38.32120020457757,0.0,0.0,0.0,0.8188067724568414,1,1,0,0,0,1,1.0,0.0
0,22.3519763148933,0.0,0.0,0.0,0.1457018249077244,1,0,0,1,0,1,0.0,1.0
1,35.12393277391069,0.0,0.0,0.0,1.0006784393729964,0,1,0,0,1,0,0.0,1.0
1,28.258035920453043,0.0,0.0,0.0,33.0036738145038,1,1,0,0,0,1,1.0,0.0
1,28.94636227937847,0.0,0.0,0.0,2.282166414232031,1,1,0,0,1,0,1.0,0.0
1,36.03114490477641,0.0,0.0,0.0,3.8185331797549322,0,1,0,0,0,1,1.0,0.0
1,46.811201663901734,0.0,0.0,0.0,27.498775025927024,1,0,1,0,0,1,1.0,0.0
0,28.875226098197302,0.0,0.0,0.0,0.0,1,1,0,0,1,0,1.0,0.0
1,43.61684326081276,0.0,0.0,0.0,0.8338268620771843,1,1,0,0,0,1,1.0,0.0
1,45.43735584307884,0.0,0.0,0.0,0.3992517797568455,1,0,1,0,1,0,1.0,0.0
0,38.306673775057966,0.0,0.0,0.0,0.0,0,1,0,0,1,0,1.0,0.0
0,22.347957540137383,0.0,0.0,0.0,0.5331705992529115,1,0,0,1,1,0,0.0,1.0
1,28.5678261219952,0.0,0.0,0.0,0.3392479467995516,1,1,0,0,1,0,1.0,0.0
1,22.359538134527476,0.0,0.0,0.0,0.0,0,0,0,1,1,0,1.0,0.0
0,36.25467054246053,0.0,0.0,0.0,0.21747363577518825,0,1,0,0,1,0,1.0,0.0
1,29.13388600138014,0.0,0.0,0.0,0.29116657040460786,0,1,0,0,0,1,1.0,0.0
0,39.19278837483391,0.0,0.0,0.0,8.468778997423236,1,1,0,0,1,0,0.0,1.0
1,29.171410564408998,0.0,0.0,0.0,3.762132218722197,0,1,0,0,0,1,1.0,0.0
1,47.82530283310899,0.0,0.0,0.0,0.5195903077750486,0,0,1,0,1,0,0.0,1.0
1,35.04388853672874,0.0,0.0,0.0,1.0822066448544798,0,1,0,0,1,0,1.0,0.0
1,47.98900370854647,0.0,0.0,0.0,0.0,1,0,1,0,0,1,0.0,1.0
0,38.10977528013677,0.0,0.0,0.0,0.0,1,1,0,0,1,0,0.0,1.0
1,28.862560866109966,0.0,0.0,0.0,0.05537788335388805,0,1,0,0,1,0,0.0,1.0
0,23.308118522923674,0.0,0.0,0.0,0.0,1,1,0,0,1,0,0.0,1.0
1,47.47763039107032,0.0,0.0,0.0,17.21014088522957,1,0,1,0,0,1,0.0,1.0
1,45.809993926522445,0.0,0.0,0.0,7.487791288685169,0,0,1,0,0,1,1.0,0.0
0,22.358566860000256,0.0,0.0,0.0,0.0,0,0,0,1,0,1,0.0,1.0
1,23.90786198539977,0.0,0.0,0.0,1.9122249122646846,1,1,0,0,0,1,1.0,0.0
1,28.04021521947074,0.0,0.0,1.0,2.0303121106399193,0,1,0,0,1,0,1.0,0.0
1,22.621810956148526,0.0,0.0,0.0,1.9575136623242078,0,0,0,1,1,0,1.0,0.0
1,35.52432879200332,0.0,0.0,0.0,3.935923152319863,0,1,0,0,0,1,1.0,0.0
1,29.326517075639114,0.0,0.0,0.0,23.168912238364385,1,1,0,0,0,1,1.0,0.0
1,28.545786537559884,0.0,0.0,0.0,4.784509669649622,0,1,0,0,0,1,1.0,0.0
1,28.54734981122947,0.0,0.0,0.0,4.7238361887591385,0,1,0,0,0,1,1.0,0.0
1,35.07021934022874,0.0,0.0,0.0,14.200386874165696,1,1,0,0,0,1,1.0,0.0
1,28.71005440377808,0.0,0.0,0.0,0.09030930165918499,0,1,0,0,0,1,1.0,0.0
1,47.90084073099019,0.0,0.0,0.0,10.564502682023358,0,0,1,0,1,0,1.0,0.0
1,38.23907159860635,0.0,0.0,2.0,3.262384730246703,0,1,0,0,0,1,1.0,0.0
1,22.332854358598134,0.0,0.0,0.0,2.108705292579067,1,0,0,1,0,1,0.0,1.0
1,22.581334170102437,1.0,1.0,0.0,12.427239245903461,1,0,0,1,1,0,1.0,0.0
1,23.140277497511285,0.0,6.0,0.0,5.487773661477716,1,1,0,0,1,0,1.0,0.0
1,39.180001278328625,0.0,0.0,0.0,3.663666623497302,0,1,0,0,0,1,1.0,0.0
1,28.504353966679382,0.0,0.0,0.0,12.760894958485563,1,1,0,0,0,1,1.0,0.0
0,22.880735168993795,0.0,0.0,1.0,0.0,1,1,0,0,1,0,1.0,0.0
1,28.4612521524163,0.0,0.0,0.0,2.3230053129286365,1,1,0,0,0,1,1.0,0.0
1,47.486513089818,0.0,0.0,0.0,6.098382804541856,1,0,1,0,1,0,1.0,0.0
1,47.93379510282623,0.0,6.0,0.0,3.764219714107859,1,0,1,0,0,1,1.0,0.0
1,47.08032007535281,0.0,0.0,0.0,2.447008658800742,1,0,1,0,0,1,1.0,0.0
1,46.81336303033799,2.0,0.0,0.0,20.46777585927437,1,0,1,0,1,0,1.0,0.0
1,45.71966554108182,0.0,0.0,0.0,0.390456660825816,0,0,1,0,1,0,1.0,0.0
1,28.46343713857844,0.0,0.0,0.0,4.043816022236947,0,1,0,0,1,0,1.0,0.0
1,28.739815495154346,0.0,0.0,0.0,0.2364526051940912,0,1,0,0,1,0,1.0,0.0
1,28.581609590222,0.0,0.0,0.0,8.84142781962797,0,1,0,0,0,1,1.0,0.0
1,22.36171559676269,0.0,0.0,0.0,0.0,0,0,0,1,1,0,1.0,0.0
1,22.11175192771579,0.0,1.0,0.0,6.023458682751453,1,0,0,1,1,0,1.0,0.0
1,47.85199013139846,0.0,0.0,1.0,3.7528161614048883,1,0,1,0,0,1,0.0,1.0
0,28.532978131750497,0.0,0.0,0.0,2.6549041271669056,1,1,0,0,0,1,1.0,0.0
0,44.95213374079685,0.0,0.0,0.0,4.015450348455497,0,1,0,0,0,1,1.0,0.0
1,29.0756111227037,0.0,0.0,0.0,4.579784336814213,0,1,0,0,1,0,0.0,1.0
1,22.271927734286045,0.0,0.0,1.0,0.8029460917416646,1,0,0,1,0,1,0.0,1.0
1,28.337011039238813,0.0,0.0,0.0,7.5455389528215004,0,1,0,0,1,0,1.0,0.0
0,46.715243541277644,0.0,0.0,0.0,6.846642253964791,1,0,1,0,0,1,0.0,1.0
0,47.7015476305511,0.0,0.0,0.0,0.0,1,0,1,0,0,1,1.0,0.0
1,47.33068778426522,0.0,0.0,0.0,2.8194591565624396,0,0,1,0,0,1,1.0,0.0
0,22.36057089914332,0.0,0.0,0.0,2.325936032339098,1,0,0,1,0,1,1.0,0.0
1,46.92001361216255,1.0,0.0,0.0,10.352464771939157,1,0,1,0,0,1,1.0,0.0
0,22.070601147171697,0.0,0.0,1.0,3.99155053175589,1,0,0,1,0,1,1.0,0.0
1,22.33705848037974,0.0,0.0,1.0,0.08132069033473599,0,0,0,1,1,0,1.0,0.0
0,22.34165661802389,0.0,0.0,0.0,3.9274970008944177,1,0,0,1,0,1,1.0,0.0
1,31.342011934477807,2.0,0.0,0.0,13.266196004644678,1,1,0,0,0,1,1.0,0.0
1,22.773617359615546,0.0,0.0,0.0,5.7817430974618045,0,0,0,1,0,1,1.0,0.0
1,28.38362572303936,0.0,0.0,0.0,0.3513151415907879,1,1,0,0,0,1,0.0,1.0
1,35.00263040844309,0.0,0.0,0.0,0.762213128613713,1,1,0,0,0,1,0.0,1.0
0,35.253457919142036,0.0,0.0,0.0,3.796290439107238,1,1,0,0,1,0,1.0,0.0
1,28.285759960091802,0.0,0.0,0.0,13.93630479779327,1,1,0,0,1,0,1.0,0.0
1,45.72529608655489,0.0,0.0,0.0,0.05672072338968581,0,0,1,0,0,1,1.0,0.0
0,29.088849402323877,0.0,0.0,0.0,10.491342291724782,1,1,0,0,1,0,1.0,0.0
1,30.951434527227498,0.0,0.0,0.0,1.6757217357117618,0,1,0,0,0,1,0.0,1.0
1,31.657572109502624,0.0,1.0,1.0,4.283008279727388,1,1,0,0,0,1,1.0,0.0
1,22.45479919939805,0.0,0.0,0.0,0.007903238669470902,0,0,0,1,0,1,1.0,0.0
1,47.92327198030055,0.0,0.0,0.0,0.0,0,0,1,0,1,0,0.0,1.0
1,22.915168069679925,0.0,0.0,1.0,4.182985808146985,1,1,0,0,0,1,0.0,1.0
0,36.10073378072184,0.0,0.0,0.0,13.706875584813243,0,1,0,0,0,1,0.0,1.0
1,47.79345783877249,0.0,0.0,0.0,3.372367957761303,0,0,1,0,0,1,1.0,0.0
1,35.05444420686758,0.0,0.0,0.0,0.0,0,1,0,0,1,0,1.0,0.0
1,22.32612966923891,0.0,0.0,0.0,11.197565514468385,1,0,0,1,1,0,1.0,0.0
1,22.538310513684166,0.0,0.0,0.0,0.0,0,0,0,1,0,1,0.0,1.0
1,28.00896402818677,0.0,0.0,0.0,0.0,0,1,0,0,0,1,1.0,0.0
1,47.7639791122902,0.0,0.0,1.0,0.32497058304396975,0,0,1,0,1,0,1.0,0.0
1,28.880387757728485,0.0,1.0,0.0,19.267820946105957,1,1,0,0,0,1,1.0,0.0
0,39.17397119069898,0.0,0.0,0.0,9.054485136337625,1,1,0,0,1,0,1.0,0.0
1,29.017526319485846,0.0,0.0,0.0,0.0,1,1,0,0,0,1,0.0,1.0
1,28.533461960190532,0.0,0.0,0.0,0.2771499971884256,0,1,0,0,0,1,0.0,1.0
0,39.117048818840296,0.0,0.0,0.0,0.0,0,1,0,0,1,0,1.0,0.0
1,28.465151520474375,0.0,0.0,0.0,3.0562787322173444,0,1,0,0,0,1,1.0,0.0
1,22.174668709140484,0.0,0.0,0.0,15.624701911160837,1,0,0,1,0,1,0.0,1.0
1,28.467076960184716,0.0,0.0,0.0,1.7764944410328183,0,1,0,0,0,1,0.0,1.0
0,45.71265524523227,0.0,0.0,0.0,0.0,1,0,1,0,0,1,1.0,0.0
1,38.06471665886078,0.0,0.0,1.0,1.9334837106727254,0,1,0,0,1,0,1.0,0.0
0,23.454040231388493,0.0,0.0,0.0,0.4668708392250107,0,1,0,0,1,0,0.0,1.0
1,38.0816616609253,0.0,0.0,0.0,26.266823938363586,1,1,0,0,1,0,1.0,0.0
1,28.69804191691123,0.0,0.0,0.0,0.419232804516415,1,1,0,0,0,1,1.0,0.0
1,47.715467994337665,0.0,0.0,0.0,9.279354448427837,1,0,1,0,0,1,1.0,0.0
1,29.129604542859404,0.0,0.0,0.0,0.0,1,1,0,0,0,1,0.0,1.0
1,28.572068436961388,0.0,0.0,0.0,6.627577176909724,1,1,0,0,1,0,1.0,0.0
1,45.81291548934364,0.0,0.0,0.0,28.370428245222556,1,0,1,0,1,0,1.0,0.0
1,22.43741252613617,0.0,0.0,0.0,0.7209543908201395,0,0,0,1,0,1,1.0,0.0
1,22.354877922288154,0.0,0.0,0.0,31.961371126117633,1,0,0,1,1,0,1.0,0.0
1,27.88081085174433,0.0,0.0,0.0,0.6755454296760611,1,1,0,0,0,1,0.0,1.0
1,23.006923498091172,0.0,0.0,0.0,2.0910269535238712,0,1,0,0,0,1,1.0,0.0
1,34.93605930032164,0.0,0.0,0.0,9.022673814772839,0,1,0,0,0,1,0.0,1.0
1,45.069483478741034,0.0,0.0,0.0,0.0,1,1,0,0,1,0,1.0,0.0
1,28.506917340535512,0.0,0.0,0.0,12.73928601901498,0,1,0,0,1,0,1.0,0.0
1,22.335494223961764,0.0,0.0,0.0,13.875861323269646,1,0,0,1,0,1,1.0,0.0
0,39.827910623173274,0.0,0.0,0.0,1.968233261174531,0,1,0,0,1,0,1.0,0.0
1,44.9212857134996,0.0,0.0,0.0,24.363381044342198,0,1,0,0,0,1,0.0,1.0
1,28.670176290451277,0.0,0.0,0.0,0.0,0,1,0,0,1,0,0.0,1.0
1,38.23576266748911,0.0,0.0,0.0,6.7173759417458605,0,1,0,0,1,0,0.0,1.0
1,22.32141018803584,0.0,0.0,0.0,4.856396590684533,1,0,0,1,0,1,1.0,0.0
1,42.568190170159866,0.0,0.0,0.0,1.9262346968718806,1,1,0,0,1,0,1.0,0.0
0,22.354789311095804,0.0,0.0,0.0,0.3052929650345705,0,0,0,1,0,1,1.0,0.0
1,22.49200800934635,0.0,0.0,0.0,1.0225933508232117,0,0,0,1,1,0,1.0,0.0
0,47.952553888261065,0.0,0.0,0.0,2.279914557375406,0,0,1,0,1,0,1.0,0.0
1,23.558945712716067,0.0,0.0,0.0,11.668545556107883,1,1,0,0,1,0,1.0,0.0
0,22.642078545273538,0.0,0.0,0.0,16.88566782431787,1,0,0,1,0,1,1.0,0.0
1,44.082109190531625,0.0,0.0,0.0,1.8274876638644832,0,1,0,0,1,0,1.0,0.0
1,46.8882559131047,0.0,0.0,0.0,4.288062328357311,1,0,1,0,0,1,1.0,0.0
1,28.70510962069779,0.0,0.0,0.0,4.066516382995569,1,1,0,0,0,1,1.0,0.0
0,23.551992656649382,0.0,0.0,0.0,0.0,0,1,0,0,0,1,1.0,0.0
1,28.5433444734584,0.0,0.0,0.0,0.3652129188199716,0,1,0,0,1,0,1.0,0.0
1,28.85835945792151,0.0,0.0,0.0,18.132295065726684,1,1,0,0,0,1,1.0,0.0
1,47.91729427443691,0.0,0.0,0.0,11.72305449939365,0,0,1,0,1,0,1.0,0.0
1,22.694615688682543,0.0,0.0,0.0,9.211019563660814,0,0,0,1,1,0,1.0,0.0
1,22.3524595849054,0.0,0.0,0.0,14.8888451732456,1,0,0,1,0,1,1.0,0.0
0,47.11915354171919,0.0,0.0,0.0,0.8354494827600862,0,0,1,0,1,0,1.0,0.0
0,23.83070267909925,0.0,0.0,0.0,0.0,0,1,0,0,1,0,1.0,0.0
1,31.707184525021514,0.0,6.0,0.0,25.936198603894525,1,1,0,0,0,1,0.0,1.0
1,47.84784764711056,0.0,0.0,0.0,2.2277486683465058,1,0,1,1,0,1,1.0,0.0
1,43.60037303415737,0.0,0.0,0.0,0.7945421437488592,0,1,0,0,1,0,0.0,1.0
1,28.62619057240908,0.0,0.0,0.0,13.103145572496771,1,1,0,0,0,1,1.0,0.0
1,47.87727787621582,0.0,0.0,0.0,0.3633112982109167,1,0,1,0,0,1,0.0,1.0
1,22.073316647682354,0.0,1.0,0.0,7.162782647349953,1,0,0,1,0,1,1.0,0.0
1,35.292759740474,0.0,0.0,0.0,19.569748273760133,0,1,0,0,0,1,1.0,0.0
1,35.030245959296515,0.0,0.0,0.0,24.265969091022626,0,1,0,0,0,1,1.0,0.0
1,45.88053619042485,0.0,0.0,0.0,0.3494571818714905,0,0,1,0,0,1,0.0,1.0
1,22.006084249852442,0.0,0.0,0.0,5.028320934396167,0,0,0,1,1,0,0.0,1.0
1,45.84126746009962,0.0,0.0,0.0,0.0,0,0,1,0,1,0,1.0,0.0
1,29.047346655160894,0.0,0.0,0.0,1.370084899921059,1,1,0,0,0,1,1.0,0.0
1,46.644821712528206,2.0,0.0,0.0,32.40801432097117,1,0,1,0,0,1,1.0,0.0
1,28.16780861663476,0.0,0.0,0.0,25.349785716507718,1,1,0,0,1,0,1.0,0.0
1,28.472637284476434,0.0,0.0,0.0,13.955780210742812,1,1,0,0,1,0,1.0,0.0
1,28.721200090130644,0.0,0.0,0.0,6.83367161714256,1,1,0,0,1,0,1.0,0.0
1,39.29295176496862,0.0,0.0,0.0,24.788234704786298,1,1,0,0,1,0,1.0,0.0
1,29.16165112411895,0.0,0.0,0.0,5.943601872437328,1,1,0,0,1,0,1.0,0.0
0,45.91672776217757,0.0,0.0,0.0,0.0,0,0,1,0,1,0,1.0,0.0
1,29.205383643312793,0.0,0.0,0.0,2.0801405287704573,1,1,0,0,1,0,1.0,0.0
1,47.47976952954211,0.0,0.0,0.0,5.410783037133931,0,0,1,0,0,1,1.0,0.0
1,22.523668274006965,0.0,0.0,0.0,6.9270949410010925,0,0,0,1,1,0,1.0,0.0
0,28.46582806920776,0.0,0.0,0.0,0.830180374755169,1,1,0,0,0,1,1.0,0.0
1,34.804442686141115,0.0,0.0,0.0,0.0,1,1,0,0,0,1,0.0,1.0
1,27.973182675752813,0.0,0.0,0.0,0.0,1,1,0,0,1,0,1.0,0.0
1,28.66650596508402,0.0,0.0,0.0,2.6646634296173826,0,1,0,0,1,0,1.0,0.0
1,47.81374348329412,0.0,0.0,0.0,0.06840355066812848,0,0,1,0,1,0,1.0,0.0
1,22.652938413867282,0.0,0.0,0.0,15.066560338854352,1,0,0,1,0,1,1.0,0.0
1,35.66524806511916,0.0,0.0,0.0,2.317313113486891,1,1,0,0,1,0,1.0,0.0
1,34.79584927348405,0.0,0.0,0.0,0.0,0,1,0,0,1,0,1.0,0.0
0,23.52906117894171,0.0,0.0,0.0,0.29691529387834603,0,1,0,0,0,1,1.0,0.0
1,47.876861202918185,0.0,0.0,0.0,0.4294685803829706,1,0,1,0,1,0,1.0,0.0
0,35.38106104379592,0.0,0.0,0.0,3.599434550697583,1,1,0,0,1,0,1.0,0.0
1,46.24231732773088,0.0,0.0,0.0,0.8628063315274672,1,0,1,0,0,1,1.0,0.0
1,22.32043663393309,0.0,0.0,0.0,6.412964331287825,1,0,0,1,0,1,1.0,0.0
0,28.005594420532518,0.0,0.0,0.0,0.0,0,1,0,0,0,1,1.0,0.0
1,45.47383880323856,0.0,0.0,0.0,19.035422085692787,1,0,1,0,0,1,1.0,0.0
0,37.94358081107839,0.0,0.0,0.0,2.8295451905915554,0,1,0,0,0,1,1.0,0.0
0,35.38516237445171,0.0,0.0,0.0,3.4357410999764477,0,1,0,0,0,1,0.0,1.0
1,28.793325792159287,0.0,0.0,0.0,0.0,1,1,0,0,0,1,1.0,0.0
1,46.18868933235698,0.0,0.0,0.0,3.9746185208944316,1,0,1,0,1,0,1.0,0.0
1,28.54477938448063,0.0,0.0,0.0,0.19967554768964813,0,1,0,0,1,0,1.0,0.0
1,28.475272421515903,0.0,0.0,0.0,1.7966039228202766,1,1,0,0,0,1,1.0,0.0
1,29.01315528922767,0.0,0.0,0.0,15.450353258310397,1,1,0,0,0,1,1.0,0.0
0,38.34247674561775,2.0,0.0,0.0,30.998815485342845,1,1,0,0,0,1,1.0,0.0
1,36.00868647827945,0.0,0.0,0.0,0.0,1,1,0,0,1,0,1.0,0.0
1,28.791478639558047,0.0,0.0,0.0,1.09635277313591,1,1,0,0,1,0,1.0,0.0
1,38.67044747799314,0.0,0.0,0.0,1.8376835641476066,0,1,0,0,0,1,1.0,0.0
1,46.87492923804193,0.0,0.0,0.0,0.0,1,0,1,0,0,1,1.0,0.0
0,45.43561034165061,0.0,0.0,0.0,0.0,0,0,1,0,0,1,0.0,1.0
1,38.202954048678976,0.0,0.0,0.0,0.0080870129459093,1,1,0,0,1,0,1.0,0.0
1,34.78959838539045,0.0,0.0,0.0,13.809125963590844,0,1,0,0,0,1,1.0,0.0
0,28.417056787138243,0.0,0.0,0.0,0.0,0,1,0,0,0,1,0.0,1.0
0,29.02086163244929,0.0,0.0,0.0,6.541102205040442,1,1,0,0,1,0,1.0,0.0
1,29.157384476672906,0.0,0.0,0.0,4.217677084197345,1,1,0,0,0,1,1.0,0.0
1,22.264406771659424,0.0,0.0,1.0,0.0,1,0,0,1,1,0,0.0,1.0
1,28.54666303580165,0.0,0.0,0.0,20.263761426311373,1,1,0,0,1,0,1.0,0.0
1,29.285954479074622,0.0,0.0,0.0,11.441124552147787,1,1,0,0,0,1,1.0,0.0
1,28.433459523395918,0.0,0.0,0.0,1.798842959291926,1,1,0,0,1,0,1.0,0.0
1,35.095037292798025,0.0,0.0,0.0,11.578382594018812,1,1,0,0,1,0,1.0,0.0
1,45.53699774563309,0.0,1.0,0.0,22.89834793547435,1,0,1,0,0,1,1.0,0.0
1,45.80232406634531,0.0,0.0,0.0,0.0,1,0,1,0,1,0,1.0,0.0
1,28.889855208260258,0.0,0.0,2.0,0.5879172803889958,0,1,0,0,1,0,1.0,0.0
1,45.92680915442749,0.0,0.0,0.0,2.6150423224819246,0,0,1,0,0,1,0.0,1.0
1,28.453822458911304,0.0,0.0,1.0,10.345154934346724,0,1,0,0,0,1,1.0,0.0
1,22.09129302959833,0.0,0.0,0.0,5.7693888993388915,0,0,0,1,0,1,1.0,0.0
1,38.17637524091013,2.0,0.0,0.0,18.020746929331082,1,1,0,0,0,1,1.0,0.0
1,47.58463459960238,0.0,0.0,1.0,0.5418298801738968,0,0,1,0,1,0,1.0,0.0
1,38.389428241029336,0.0,0.0,0.0,8.869371437636909,0,1,0,0,1,0,1.0,0.0
1,40.00556009955597,0.0,0.0,0.0,0.09484706001891341,1,1,0,0,0,1,0.0,1.0
1,39.33220191363179,0.0,0.0,0.0,4.139756695996406,0,1,0,0,1,0,0.0,1.0
1,35.059799682160836,0.0,0.0,0.0,10.414380439756375,1,1,0,0,1,0,1.0,0.0
1,28.26177025082166,0.0,0.0,0.0,22.499935990548252,1,1,0,0,1,0,1.0,0.0
1,39.933171458579956,0.0,0.0,0.0,0.9543537594722805,1,1,0,0,0,1,1.0,0.0
1,28.374345879453717,0.0,0.0,0.0,11.374368512162578,1,1,0,0,1,0,1.0,0.0
1,28.711562312239877,0.0,1.0,0.0,4.154867705926297,1,1,0,0,0,1,1.0,0.0
1,47.86561627776438,0.0,0.0,0.0,0.3240918184123485,1,0,1,0,1,0,0.0,1.0
1,43.37405705578263,0.0,0.0,0.0,0.9187035127987622,1,1,0,0,0,1,1.0,0.0
0,45.620649254691244,0.0,0.0,0.0,24.848367227112114,1,0,1,0,1,0,1.0,0.0
1,22.35545716827508,0.0,0.0,0.0,5.3839573523325095,0,0,0,1,1,0,1.0,0.0
1,42.97521290349263,0.0,0.0,0.0,0.0,0,1,0,0,0,1,0.0,1.0
1,23.69142692696193,0.0,0.0,0.0,16.434617099754963,1,1,0,0,1,0,1.0,0.0
1,35.11026497757365,0.0,0.0,1.0,0.5340091084252093,0,1,0,0,0,1,0.0,1.0
0,22.31201389460755,0.0,0.0,0.0,1.9365614397386168,0,0,0,1,0,1,0.0,1.0
0,36.292836663000145,0.0,0.0,0.0,15.890873887345816,1,1,0,0,1,0,1.0,0.0
0,22.261835527364276,0.0,0.0,0.0,6.946065305280989,0,0,0,1,1,0,1.0,0.0
1,46.59223923977409,0.0,0.0,0.0,0.05902445990115479,0,0,1,0,0,1,0.0,1.0
0,28.59465321000333,0.0,0.0,0.0,0.0,0,1,0,0,1,0,1.0,0.0
1,23.105530336880786,0.0,0.0,0.0,29.223693903576375,1,1,0,0,1,0,1.0,0.0
1,28.595688398331113,0.0,0.0,0.0,6.303918291783261,0,1,0,0,1,0,1.0,0.0
0,28.2886955503608,0.0,0.0,0.0,3.769025426222443,1,1,0,0,1,0,1.0,0.0
1,22.34056078515175,0.0,0.0,0.0,9.233861749259226,0,0,0,1,0,1,1.0,0.0
1,27.841422473655204,0.0,0.0,0.0,0.0,0,1,0,0,1,0,1.0,0.0
1,38.06109899874846,0.0,0.0,0.0,0.0,1,0,0,0,1,0,1.0,0.0
1,45.762495999605015,0.0,0.0,0.0,5.987138403058422,1,0,1,0,1,0,1.0,0.0
0,35.1551529280025,0.0,0.0,0.0,0.32205096923369053,0,1,0,0,1,0,1.0,0.0
1,28.54762681359073,0.0,0.0,0.0,15.4334739763848,0,1,0,0,0,1,0.0,1.0
1,47.022535450622705,0.0,0.0,0.0,0.07585998597299481,1,0,1,0,1,0,0.0,1.0
1,22.405578078524897,0.0,0.0,1.0,5.88860646441733,0,0,0,1,1,0,1.0,0.0
1,28.85819442023205,0.0,0.0,0.0,0.7476477011335083,1,1,0,0,1,0,0.0,1.0
1,30.680774387617635,0.0,0.0,0.0,0.4618985687611187,0,1,0,0,1,0,1.0,0.0
1,28.472885898944526,0.0,0.0,0.0,1.4615304326286045,1,1,0,0,1,0,1.0,0.0
1,43.7263048118358,0.0,0.0,0.0,11.93750778197833,1,1,0,0,1,0,1.0,0.0
1,28.477082017463452,1.0,0.0,0.0,14.83305057753098,1,1,0,0,0,1,1.0,0.0
1,31.376656829276598,0.0,0.0,0.0,4.770773403295943,1,1,0,0,1,0,1.0,0.0
1,46.654108960229266,0.0,0.0,0.0,7.885961775656567,0,0,1,0,0,1,1.0,0.0
1,31.668032375901518,0.0,0.0,0.0,0.4040624707256217,1,1,0,0,0,1,1.0,0.0
1,34.67633461667387,0.0,0.0,0.0,0.5154265073154332,1,1,0,0,1,0,0.0,1.0
0,35.0120923148448,0.0,0.0,0.0,0.2548057189568858,0,1,0,0,0,1,0.0,1.0
1,28.546298753893083,0.0,0.0,0.0,5.712845161185401,0,1,0,0,1,0,1.0,0.0
1,36.09164194049648,0.0,0.0,0.0,0.22130702025744603,1,1,0,0,0,1,0.0,1.0
1,22.237101899074474,0.0,6.0,0.0,20.38026584757411,1,0,0,1,0,1,1.0,0.0
1,28.37546217604769,0.0,0.0,0.0,0.0,0,1,0,0,1,0,1.0,0.0
1,34.41071891020352,0.0,0.0,0.0,0.05809981861936264,0,1,0,0,1,0,1.0,0.0
1,38.164668330183744,0.0,0.0,0.0,1.1915556406696437,0,1,0,0,0,1,1.0,0.0
1,22.27113134411734,0.0,0.0,0.0,0.0,0,0,0,1,1,0,1.0,0.0
1,43.3792893747673,0.0,0.0,0.0,5.5627841433470975,1,1,0,0,1,0,1.0,0.0
1,23.0511757872688,0.0,0.0,0.0,28.134870812789295,1,1,0,0,0,1,1.0,0.0
1,22.42260855349774,0.0,0.0,1.0,1.7525243886398547,0,0,0,1,1,0,0.0,1.0
1,29.116495331175855,1.0,0.0,0.0,0.09889865972470713,1,1,0,0,0,1,1.0,0.0
0,46.74902479339203,0.0,0.0,0.0,0.0,1,0,1,0,0,1,1.0,0.0
1,35.335186439135796,0.0,0.0,1.0,0.0,0,1,0,0,0,1,1.0,0.0
1,35.05834973681292,0.0,0.0,0.0,1.9587772489926039,0,1,0,0,0,1,0.0,1.0
0,31.749343501124727,0.0,0.0,0.0,0.14048904777828466,0,1,0,0,1,0,0.0,1.0
1,29.116470646051365,0.0,0.0,0.0,0.26215405786950174,1,1,0,0,0,1,1.0,0.0
0,45.74921014316791,0.0,0.0,0.0,3.5006080664399124,0,0,1,0,1,0,1.0,0.0
1,22.3599222722294,0.0,0.0,0.0,10.46125415093418,0,0,0,1,1,0,1.0,0.0
1,31.321317430538034,0.0,0.0,0.0,0.19850955210241855,1,1,0,0,0,1,1.0,0.0
1,47.99307870065134,0.0,0.0,0.0,26.335750879057528,1,0,1,0,1,0,1.0,0.0
1,21.92153678081252,0.0,0.0,0.0,0.0,0,0,0,0,1,0,1.0,0.0
0,35.15353750130161,0.0,0.0,0.0,9.711485443739093,0,1,0,0,0,1,1.0,0.0
1,28.90537051429246,0.0,0.0,0.0,6.5945971768275555,1,1,0,0,1,0,1.0,0.0
1,46.8864413029142,0.0,0.0,0.0,0.0,0,0,1,0,0,1,0.0,1.0
1,38.848281683537365,0.0,0.0,0.0,8.674665514705689,0,1,0,0,0,1,1.0,0.0
1,39.09624519644901,0.0,0.0,0.0,2.1984966044716585,1,1,0,0,1,0,1.0,0.0
1,23.154115163928136,0.0,0.0,0.0,3.787580369617347,1,1,0,0,1,0,1.0,0.0
1,46.7421660518457,0.0,0.0,0.0,8.832805457058498,1,0,1,0,0,1,1.0,0.0
1,47.68226386100993,0.0,0.0,0.0,6.189832261697916,1,0,1,0,1,0,1.0,0.0
0,28.63488608383354,0.0,0.0,0.0,4.493077589651105,0,1,0,0,1,0,1.0,0.0
1,46.56109382010123,0.0,0.0,0.0,0.0,0,0,1,0,0,1,1.0,0.0
0,34.804463371310234,0.0,0.0,0.0,0.7168788192634299,0,1,0,0,1,0,0.0,1.0
1,28.291408269220103,0.0,1.0,0.0,11.840533417883808,1,1,0,0,0,1,1.0,0.0
0,31.017517876958102,0.0,0.0,0.0,0.0,0,1,0,0,1,0,1.0,0.0
1,31.308806365720027,0.0,0.0,0.0,17.828413289358753,0,1,0,0,0,1,1.0,0.0
1,35.94639408322298,0.0,0.0,0.0,4.037565151820194,0,1,0,0,1,0,1.0,0.0
1,22.339226648960874,0.0,0.0,0.0,0.7168965156049869,1,0,0,1,0,1,1.0,0.0
0,48.06236811564715,0.0,6.0,0.0,0.6515685226625708,1,0,1,0,0,1,1.0,0.0
0,30.98844307746229,0.0,0.0,0.0,0.0,1,1,0,0,1,0,0.0,1.0
1,38.06334588451449,0.0,0.0,0.0,0.0,0,1,0,0,1,0,1.0,0.0
1,23.45115113243372,0.0,0.0,0.0,13.912416273790086,1,1,0,0,0,1,1.0,0.0
1,28.671276894358964,0.0,0.0,0.0,11.639912018771872,1,1,0,0,1,0,1.0,0.0
1,28.458667972526673,0.0,0.0,0.0,6.00343740134505,1,1,0,0,0,1,1.0,0.0
1,47.53908828796556,0.0,0.0,0.0,2.031377608844974,1,0,1,0,0,1,1.0,0.0
1,48.139028727806576,0.0,0.0,1.0,21.383126009255342,1,0,1,1,1,0,1.0,0.0
1,28.56934408082911,0.0,0.0,0.0,0.10945466130134979,0,1,0,0,0,1,1.0,0.0
1,43.15535255917102,0.0,0.0,0.0,3.50775520136495,0,1,0,0,1,0,1.0,0.0
1,28.933829994318753,0.0,0.0,0.0,7.3117665641667235,0,1,0,0,1,0,1.0,0.0
1,28.327628047097264,0.0,0.0,0.0,0.35997637059643195,1,1,0,0,0,1,1.0,0.0
1,38.6679398396025,0.0,0.0,0.0,0.0,0,1,0,0,0,1,1.0,0.0
1,22.354506468378272,1.0,0.0,0.0,0.22497779171875754,0,0,0,1,1,0,0.0,1.0
0,22.92854064423825,0.0,0.0,0.0,6.2458240117071355,0,1,0,0,1,0,0.0,1.0
0,29.143425038772943,0.0,0.0,0.0,3.806600025765518,0,1,0,0,1,0,0.0,1.0
1,28.420872225773046,0.0,0.0,0.0,3.192127384398921,0,1,0,0,1,0,0.0,1.0
1,38.55197550868769,0.0,0.0,0.0,0.07955120488778611,0,1,0,0,1,0,1.0,0.0
1,22.545923126937176,0.0,0.0,0.0,4.227937921765552,1,0,0,1,0,1,1.0,0.0
1,47.990465904463896,0.0,0.0,0.0,25.983283888846394,1,0,1,0,1,0,1.0,0.0
1,22.344580378216833,0.0,0.0,0.0,1.8691810618147187,0,0,0,1,0,1,1.0,0.0
0,36.03865163765836,0.0,6.0,0.0,0.13262467462334077,1,1,0,0,0,1,0.0,1.0
1,27.8799456381309,0.0,0.0,0.0,9.469211675035798,0,1,0,0,0,1,1.0,0.0
1,39.77230594601544,0.0,0.0,0.0,8.916548237923216,0,1,0,0,0,1,1.0,0.0
1,37.34334605935753,0.0,0.0,1.0,2.341654390681763,1,1,0,0,1,0,0.0,1.0
1,47.10845704107063,0.0,0.0,0.0,0.0,0,0,1,0,1,0,1.0,0.0
1,30.619860069789492,2.0,0.0,0.0,0.7929168165666605,0,1,0,0,0,1,1.0,0.0
0,31.79724645855278,0.0,0.0,0.0,1.6825700352508792,0,1,0,0,0,1,1.0,0.0
0,35.343086473589544,0.0,0.0,0.0,0.0,1,1,0,0,0,1,1.0,0.0
1,45.46946029838245,0.0,0.0,0.0,26.63854764795519,1,0,1,0,0,1,1.0,0.0
1,23.196341115037978,0.0,0.0,0.0,3.32241935267392,1,1,0,0,1,0,1.0,0.0
0,47.08215893423183,0.0,0.0,0.0,0.0,1,0,1,0,1,0,1.0,0.0
1,47.80573292904335,0.0,0.0,0.0,13.304922454227853,1,0,1,0,1,0,1.0,0.0
0,28.53644850760937,0.0,0.0,1.0,2.167638246759954,1,1,0,0,0,1,0.0,1.0
1,31.703092575756507,0.0,0.0,0.0,0.8094744654634294,1,1,0,0,0,1,1.0,0.0
1,46.442355671196985,0.0,0.0,0.0,5.347244188852055,1,0,1,0,1,0,1.0,0.0
0,28.316300925079684,0.0,0.0,0.0,3.4900767623685076,1,1,0,0,0,1,0.0,1.0
1,45.061877848748615,0.0,0.0,0.0,1.2454293716863325,1,1,0,0,0,1,1.0,0.0
1,38.34542971323707,0.0,0.0,0.0,6.328952209590609,1,1,0,0,1,0,1.0,0.0
0,22.48103565246786,0.0,0.0,4.0,1.5660396420662932,0,0,0,1,0,1,0.0,1.0
1,22.32719744579685,0.0,0.0,1.0,1.8073407378000226,1,0,0,1,0,1,0.0,1.0
1,34.88695015859948,0.0,0.0,0.0,4.302949434880631,1,1,0,0,1,0,1.0,0.0
1,47.06680466466443,0.0,0.0,0.0,2.3425306562717325,1,0,1,0,0,1,1.0,0.0
1,21.937640053051698,0.0,0.0,0.0,8.104843683552161,1,0,0,0,0,1,1.0,0.0
1,38.29669270252079,0.0,0.0,0.0,7.467737139952071,1,1,0,0,1,0,1.0,0.0
1,22.266713351390614,0.0,0.0,0.0,0.0,0,0,0,1,0,1,1.0,0.0
1,28.70467833630846,0.0,0.0,0.0,4.040403090517202,1,1,0,0,1,0,1.0,0.0
0,35.67652346580007,0.0,0.0,0.0,0.40204193516256614,0,1,0,0,0,1,0.0,1.0
1,22.66276902488446,0.0,0.0,0.0,0.0,0,0,0,1,1,0,0.0,1.0
1,23.808277500961584,0.0,0.0,0.0,0.0,0,1,0,0,0,1,1.0,0.0
1,22.342260939341635,2.0,0.0,1.0,29.502331730456845,1,0,0,1,1,0,1.0,0.0
1,47.09006036938428,0.0,0.0,0.0,10.839357167921367,1,0,1,0,1,0,1.0,0.0
1,22.230197590853713,0.0,0.0,0.0,0.6844090661648419,1,0,0,1,0,1,1.0,0.0
1,22.35713137037433,0.0,0.0,0.0,13.730813084426142,0,0,0,1,1,0,0.0,1.0
1,35.68519933577513,0.0,0.0,0.0,11.35577450618028,1,1,0,0,1,0,1.0,0.0
1,28.70275219130885,0.0,0.0,0.0,10.895484902387217,1,1,0,0,1,0,1.0,0.0
1,45.696111173348434,0.0,0.0,0.0,18.903799289290642,1,0,1,0,0,1,0.0,1.0
1,47.321901271981986,0.0,0.0,0.0,7.943996822520828,1,0,1,0,1,0,1.0,0.0
1,28.280381247787417,0.0,0.0,0.0,0.0,0,1,0,0,0,1,0.0,1.0
1,28.65271191751815,0.0,0.0,0.0,2.3492267587908167,1,1,0,0,1,0,1.0,0.0
1,34.59541338499283,0.0,0.0,0.0,0.0,1,1,0,0,0,1,0.0,1.0
1,22.69510503756272,0.0,0.0,0.0,3.2718094014109087,1,0,0,1,0,1,1.0,0.0
1,22.353776361251867,0.0,0.0,0.0,3.499659948332625,0,0,0,1,0,1,1.0,0.0
1,28.681276133001212,0.0,0.0,0.0,0.2105725086942063,1,1,0,0,0,1,1.0,0.0
1,31.292639330064375,0.0,0.0,0.0,0.0,1,1,0,0,1,0,0.0,1.0
1,39.93318705260008,0.0,0.0,0.0,0.0,0,1,0,0,1,0,1.0,0.0
1,35.68622736034465,0.0,0.0,0.0,0.49194136527584986,0,1,0,0,1,0,1.0,0.0
1,35.14543854919411,0.0,0.0,0.0,0.8284140716755244,1,1,0,0,0,1,0.0,1.0
0,28.525103048070743,0.0,0.0,0.0,0.23236177611936687,0,1,0,0,1,0,0.0,1.0
1,47.14677845596455,0.0,0.0,0.0,14.165785933315837,1,0,1,0,1,0,1.0,0.0
1,30.799406460684278,0.0,1.0,0.0,0.8103318903890554,1,1,0,0,0,1,1.0,0.0
1,38.04079603175383,0.0,0.0,0.0,0.24074996098439871,0,1,0,0,0,1,1.0,0.0
1,22.64688821583663,0.0,0.0,0.0,1.0931080671216153,1,0,0,1,0,1,1.0,0.0
0,32.23506757239525,0.0,0.0,0.0,3.398613998192314,0,1,0,0,0,1,0.0,1.0
0,22.42220816651384,0.0,0.0,0.0,0.047135611516887777,1,0,0,1,0,1,1.0,0.0
1,22.270955933702933,0.0,0.0,0.0,10.300346597535578,1,0,0,1,1,0,1.0,0.0
0,28.16492821525123,0.0,0.0,0.0,0.0,0,1,0,0,1,0,1.0,0.0
0,47.97622505384413,0.0,0.0,1.0,22.55897114751947,1,0,1,0,1,0,0.0,1.0
0,28.265104153206558,0.0,0.0,0.0,0.1641087266263272,0,1,0,0,0,1,1.0,0.0
1,47.99202994487308,0.0,0.0,0.0,1.3299638819890736,0,0,1,0,0,1,0.0,1.0
1,39.26322836306389,0.0,0.0,0.0,4.551711990382953,0,1,0,0,0,1,1.0,0.0
1,23.064257102215336,2.0,0.0,0.0,2.2242280052772,1,1,0,0,0,1,1.0,0.0
0,28.965808162518996,0.0,0.0,0.0,0.3211376000753439,1,1,0,0,1,0,0.0,1.0
1,34.87305992585476,0.0,0.0,0.0,6.788277867319036,1,1,0,0,0,1,1.0,0.0
1,34.40227907784323,0.0,0.0,0.0,2.185177511669095,1,1,0,0,0,1,1.0,0.0
1,46.2739368092642,0.0,0.0,1.0,1.6923789169445789,0,0,1,0,0,1,0.0,1.0
1,28.778874062348034,0.0,0.0,0.0,22.96442898097236,0,1,0,0,0,1,0.0,1.0
1,22.58247594518908,0.0,0.0,0.0,14.010093573251202,1,0,0,1,1,0,1.0,0.0
1,22.368601493027256,0.0,0.0,0.0,9.355665288409496,1,0,0,1,1,0,0.0,1.0
0,45.004288901227405,0.0,0.0,0.0,5.704472928407391,0,1,0,0,1,0,1.0,0.0
1,28.273688581570806,0.0,0.0,1.0,0.0,0,1,0,0,1,0,0.0,1.0
1,45.67907646966698,0.0,0.0,0.0,1.6395719056919114,1,0,1,0,1,0,0.0,1.0
1,28.46540806944677,0.0,0.0,0.0,0.4516229872792162,1,1,0,0,0,1,1.0,0.0
1,22.318300379409358,0.0,0.0,0.0,7.230585814444783,1,0,0,1,1,0,1.0,0.0
1,28.69812196724351,0.0,0.0,0.0,2.0280495089877535,0,1,0,0,1,0,0.0,1.0
1,23.20387178047326,0.0,0.0,0.0,0.0,0,1,0,0,1,0,1.0,0.0
1,28.345859598435123,0.0,0.0,0.0,1.1526129822140032,0,1,0,0,0,1,1.0,0.0
1,28.359406089466805,0.0,0.0,0.0,26.09209210111168,1,1,0,0,1,0,1.0,0.0
1,45.745572031601114,0.0,0.0,0.0,5.119444786747291,1,0,1,0,1,0,1.0,0.0
1,31.653295018713667,0.0,0.0,0.0,0.0,1,1,0,0,1,0,1.0,0.0
0,48.131369375394456,0.0,0.0,0.0,4.483710249678401,0,0,1,0,1,0,0.0,1.0
1,45.56128280718038,0.0,0.0,0.0,0.0,0,0,1,0,1,0,0.0,1.0
1,34.523729073079494,0.0,0.0,0.0,0.04441135639487298,1,1,0,0,1,0,0.0,1.0
1,34.516384704607226,0.0,0.0,0.0,0.665437190153437,1,1,0,0,1,0,0.0,1.0
1,28.546047670912543,0.0,0.0,0.0,30.79425052424021,1,1,0,0,0,1,1.0,0.0
1,45.69123072064008,0.0,1.0,0.0,0.11912117634531016,1,0,1,0,0,1,1.0,0.0
1,38.60282400970636,0.0,0.0,0.0,9.208614579181104,1,1,0,0,1,0,1.0,0.0
1,35.75404581250001,0.0,0.0,0.0,0.0,0,1,0,0,1,0,0.0,1.0
0,23.561673487864187,0.0,1.0,0.0,28.384479874763166,1,1,0,0,0,1,1.0,0.0
1,22.231339950446902,0.0,0.0,0.0,0.0,0,0,0,1,0,1,1.0,0.0
0,45.7439312036783,0.0,0.0,0.0,5.709140192707334,1,0,1,0,1,0,0.0,1.0
1,47.64493785477953,0.0,0.0,0.0,13.17265713953692,1,0,1,0,1,0,1.0,0.0
1,47.87134058483304,0.0,0.0,0.0,0.0,0,0,1,0,1,0,1.0,0.0
1,35.88612600115566,0.0,0.0,0.0,1.066063179575397,1,1,0,0,0,1,1.0,0.0
0,28.512426002388114,0.0,0.0,0.0,7.2728602327584015,1,1,0,0,1,0,1.0,0.0
1,23.193768818631046,0.0,0.0,0.0,5.869518704085827,0,1,0,0,1,0,0.0,1.0
1,21.936782114343714,0.0,0.0,0.0,0.9872411164898638,0,0,0,1,1,0,1.0,0.0
1,28.847294527190495,0.0,0.0,0.0,0.8669300252365117,0,1,0,0,1,0,1.0,0.0
0,28.342979020729278,0.0,0.0,0.0,9.266655361772996,0,1,0,0,0,1,0.0,1.0
1,39.341626099719385,0.0,1.0,0.0,2.1837796263193288,1,1,0,0,1,0,1.0,0.0
1,38.88516813861108,0.0,6.0,0.0,17.370446466515332,1,1,0,0,0,1,1.0,0.0
0,45.611547509457324,0.0,0.0,0.0,3.521338424357764,0,0,1,0,1,0,0.0,1.0
1,23.285072715735637,0.0,0.0,0.0,0.025095487296999897,0,1,0,0,1,0,0.0,1.0
0,45.929618364991896,0.0,0.0,0.0,3.545817411961095,0,0,1,0,0,1,1.0,0.0
1,28.56074113862149,0.0,0.0,2.0,7.191332225307703,1,1,0,0,0,1,1.0,0.0
1,28.489970826249756,0.0,0.0,1.0,5.632447940389973,0,1,0,0,0,1,1.0,0.0
0,22.360750634906164,0.0,0.0,0.0,2.9605862948375337,0,0,0,1,0,1,0.0,1.0
1,28.4358649124553,0.0,0.0,0.0,0.0,0,1,0,0,0,1,1.0,0.0
1,35.267475663203264,0.0,0.0,0.0,15.78011605550316,1,1,0,0,0,1,1.0,0.0
1,38.74621222432697,0.0,0.0,0.0,24.303234435169724,1,1,0,0,0,1,1.0,0.0
1,27.92695925117546,0.0,0.0,0.0,18.026056713681587,1,1,0,0,1,0,1.0,0.0
1,28.32038278673668,0.0,0.0,0.0,16.21577364544825,1,1,0,0,0,1,1.0,0.0
1,44.69910651903534,0.0,0.0,0.0,0.0,0,1,0,0,1,0,1.0,0.0
1,37.73448629299178,2.0,0.0,0.0,7.104437887135755,1,1,0,0,1,0,1.0,0.0
1,22.551980368271703,2.0,6.0,0.0,2.2684541114693877,1,0,0,1,1,0,1.0,0.0
0,28.470369426824934,0.0,0.0,0.0,0.31448914403587075,0,1,0,0,1,0,1.0,0.0
1,39.670911228060596,0.0,0.0,0.0,2.837171917110376,1,1,0,0,1,0,1.0,0.0
1,28.54216417186307,0.0,1.0,0.0,1.9832008997353197,1,1,0,0,0,1,0.0,1.0
1,29.040679908325,0.0,0.0,0.0,0.0,0,1,0,0,1,0,1.0,0.0
1,22.148867041264797,0.0,0.0,2.0,3.938863403255779,0,0,0,1,1,0,1.0,0.0
1,47.06794394887981,0.0,0.0,0.0,15.656395592128668,1,0,1,0,0,1,1.0,0.0
1,30.946404466320057,0.0,0.0,0.0,1.3227467401297597,1,1,0,0,0,1,1.0,0.0
1,28.300409347221304,0.0,0.0,0.0,0.0,0,1,0,0,1,0,1.0,0.0
0,22.356323699229286,0.0,0.0,0.0,5.56117522642546,0,0,0,1,0,1,1.0,0.0
0,45.66531291406614,0.0,0.0,0.0,0.0,1,0,1,0,0,1,0.0,1.0
0,22.730165669053754,0.0,0.0,2.0,4.061025876264224,1,0,0,1,0,1,1.0,0.0
1,46.1574299438481,0.0,0.0,0.0,0.0,0,0,1,0,0,1,1.0,0.0
1,39.46802702849013,0.0,0.0,0.0,19.88390714100037,1,1,0,0,0,1,0.0,1.0
1,28.337375144825064,0.0,0.0,0.0,2.2240226731676285,1,1,0,0,0,1,1.0,0.0
1,22.066472777438435,0.0,0.0,0.0,0.39919908481036875,0,0,0,1,1,0,1.0,0.0
0,28.77376071513193,0.0,0.0,0.0,0.0,0,1,0,0,1,0,1.0,0.0
1,29.109060876968275,0.0,0.0,0.0,8.039403753879244,1,1,0,0,1,0,1.0,0.0
1,38.22273446344184,0.0,0.0,0.0,0.0,0,1,0,0,1,0,0.0,1.0
1,22.357336999777154,0.0,0.0,0.0,23.11507653649436,1,0,0,1,1,0,0.0,1.0
0,29.119153919083594,0.0,0.0,1.0,0.46890032705497153,0,1,0,0,0,1,0.0,1.0
1,35.457475458834665,0.0,0.0,1.0,1.8551509267771544,0,1,0,0,0,1,0.0,1.0
1,37.7342820713051,0.0,0.0,1.0,2.2126948719073685,1,1,0,0,0,1,1.0,0.0
0,47.981833775497535,0.0,0.0,0.0,0.3058298779857607,1,0,1,0,1,0,0.0,1.0
0,35.27139281084633,0.0,0.0,0.0,2.327567171239491,0,1,0,0,1,0,1.0,0.0
1,22.831525884378195,0.0,0.0,0.0,3.9403908730965,1,1,0,0,1,0,0.0,1.0
1,45.965940071372984,0.0,0.0,0.0,0.0,0,0,1,0,1,0,1.0,0.0
1,28.491271555988142,0.0,0.0,0.0,4.914071992071734,0,1,0,0,1,0,1.0,0.0
0,39.30422804083146,1.0,0.0,0.0,0.6765925772282287,1,1,0,0,0,1,0.0,1.0
1,22.350728568769895,0.0,0.0,0.0,17.045438720224205,1,0,0,1,1,0,1.0,0.0
1,34.9817171357437,0.0,0.0,0.0,1.5902899655335339,1,1,0,0,0,1,1.0,0.0
1,35.821457361876476,0.0,0.0,0.0,1.9074339884611091,0,1,0,0,0,1,1.0,0.0
1,46.8785378470377,0.0,0.0,0.0,0.0,0,0,1,0,1,0,0.0,1.0
0,38.56274198004634,0.0,0.0,0.0,0.0,0,1,0,0,0,1,0.0,1.0
1,29.030972306796386,0.0,0.0,0.0,0.0,0,1,0,0,0,1,0.0,1.0
1,28.249240081629754,3.0,0.0,0.0,14.191303246723136,1,1,0,0,1,0,1.0,0.0
1,22.358038232280197,0.0,0.0,0.0,0.668531670585875,1,0,0,1,0,1,1.0,0.0
0,35.55903227190359,0.0,0.0,0.0,3.261403250264808,0,1,0,0,0,1,1.0,0.0
1,46.48760614883393,0.0,0.0,0.0,2.2724697098837763,0,0,1,0,0,1,1.0,0.0
1,39.34058849761084,0.0,0.0,0.0,8.643424202646006,1,1,0,0,1,0,1.0,0.0
1,38.57432896711651,0.0,0.0,0.0,0.0,1,0,0,1,1,0,1.0,0.0
0,28.604771113565455,0.0,0.0,0.0,1.7457613523839495,1,1,0,0,0,1,0.0,1.0
1,38.76660080587484,0.0,0.0,0.0,0.36555916484404133,0,1,0,0,0,1,1.0,0.0
1,29.097627432593068,0.0,0.0,0.0,0.0,0,1,0,0,1,0,1.0,0.0
1,28.546408955341708,0.0,0.0,0.0,0.0,0,1,0,0,0,1,1.0,0.0
1,45.58101881476235,0.0,0.0,0.0,5.632158299872324,1,0,1,0,0,1,0.0,1.0
1,39.46843367255347,1.0,0.0,0.0,0.7682122478850455,0,1,0,0,0,1,1.0,0.0
1,35.040293000961746,0.0,0.0,0.0,0.0,0,1,0,0,0,1,1.0,0.0
1,46.99989202528785,0.0,0.0,0.0,0.4118465039769842,1,0,1,0,1,0,1.0,0.0
1,45.40588306611104,0.0,0.0,0.0,0.0,0,0,1,0,1,0,0.0,1.0
1,28.45236762346716,0.0,0.0,0.0,0.0,1,1,0,0,0,1,1.0,0.0
1,29.089545170189904,0.0,0.0,0.0,1.7226876971894913,0,1,0,0,0,1,1.0,0.0
1,22.54240872287966,0.0,0.0,0.0,15.586374219757513,0,0,0,1,0,1,1.0,0.0
1,22.559510624552406,0.0,0.0,1.0,0.6582402218800723,0,0,0,1,1,0,1.0,0.0
1,21.94822312857066,0.0,0.0,0.0,0.0,1,0,1,0,1,0,0.0,1.0
0,23.753056829549976,0.0,0.0,0.0,0.0,1,1,0,0,0,1,1.0,0.0
1,22.33285050085493,0.0,0.0,1.0,3.828898659120933,0,0,0,1,1,0,1.0,0.0
0,28.49497132718247,0.0,0.0,0.0,0.03179785025928339,0,1,0,0,0,1,0.0,1.0
1,38.17595540190668,0.0,0.0,0.0,2.2579787242194187,1,1,0,0,1,0,0.0,1.0
1,22.081671350445962,0.0,0.0,0.0,0.5537846065355567,1,0,0,1,0,1,0.0,1.0
1,28.90371484772835,0.0,0.0,0.0,0.7720586889957798,1,1,0,0,1,0,1.0,0.0
0,28.54860698935536,0.0,0.0,0.0,0.23332929013452788,0,1,0,0,1,0,1.0,0.0
0,36.22640270038356,0.0,0.0,0.0,0.0,1,1,0,0,0,1,1.0,0.0
1,22.359163874986173,0.0,0.0,0.0,24.360053731161756,0,0,0,1,1,0,1.0,0.0
0,39.76151248500658,0.0,0.0,0.0,5.737369433436897,0,1,0,0,0,1,1.0,0.0
0,22.896210768878724,0.0,0.0,0.0,0.16494747373262914,0,1,0,0,0,1,1.0,0.0
1,23.33002828318922,0.0,0.0,0.0,0.0,1,1,0,0,0,1,0.0,1.0
1,45.44145546394965,3.0,0.0,0.0,27.07459471675314,1,1,0,0,0,1,1.0,0.0
1,35.16385741718416,0.0,0.0,1.0,0.0,0,1,0,0,1,0,1.0,0.0
0,37.69797709325118,0.0,0.0,0.0,1.2318251380993042,1,1,0,0,0,1,1.0,0.0
1,22.336600928655656,0.0,0.0,0.0,4.45263547112976,1,0,0,1,0,1,1.0,0.0
1,36.46084103989275,0.0,0.0,0.0,0.0,1,1,0,0,0,1,1.0,0.0
1,39.20717025978232,0.0,0.0,0.0,0.22152764456277377,1,1,0,0,1,0,0.0,1.0
1,39.142386102698914,0.0,0.0,0.0,0.0,0,1,0,0,0,1,1.0,0.0
1,28.216719898624604,0.0,0.0,0.0,14.066114374151162,1,1,0,0,1,0,1.0,0.0
1,38.522657551306295,0.0,0.0,0.0,10.301034742508776,1,1,0,0,1,0,0.0,1.0
1,28.479150630895845,0.0,0.0,0.0,0.6521050043583786,1,1,0,0,1,0,0.0,1.0
1,22.011789033739834,0.0,0.0,0.0,0.0,1,0,0,1,0,1,1.0,0.0
0,45.57838459890006,0.0,0.0,0.0,0.10130646262123161,0,0,1,0,1,0,0.0,1.0
1,23.788384405180494,0.0,0.0,0.0,0.0,0,1,0,0,0,1,0.0,1.0
0,48.21261137310388,0.0,0.0,0.0,14.722598852033705,0,0,1,1,1,0,1.0,0.0
1,35.63583148775971,0.0,0.0,0.0,0.0,1,1,0,0,1,0,1.0,0.0
1,22.258835664419067,0.0,1.0,1.0,7.564624417057477,1,0,0,1,0,1,1.0,0.0
0,28.47842506455811,0.0,0.0,0.0,0.0,0,1,0,0,0,1,0.0,1.0
1,47.20660401197796,0.0,0.0,0.0,0.0,0,0,1,0,0,1,0.0,1.0
1,45.57389293349755,0.0,0.0,0.0,0.031429617646144714,0,0,1,0,0,1,1.0,0.0
1,22.89804287542133,0.0,0.0,0.0,0.20701804234828763,1,1,0,0,0,1,1.0,0.0
1,45.78883734993834,0.0,0.0,0.0,0.5346813314703721,0,0,1,0,1,0,1.0,0.0
1,42.07229502757006,0.0,0.0,0.0,23.197126783534195,0,1,0,0,0,1,1.0,0.0
1,35.968818506702206,0.0,0.0,1.0,28.29368310463384,1,1,0,0,1,0,1.0,0.0
1,31.71045826819682,0.0,0.0,0.0,5.725183726147378,0,1,0,0,1,0,1.0,0.0
1,30.903006695876094,0.0,0.0,0.0,3.2209776621078112,1,1,0,0,1,0,1.0,0.0
1,35.449570323928256,0.0,0.0,0.0,0.0,0,1,0,0,1,0,0.0,1.0
1,30.931488169619605,0.0,0.0,1.0,0.7136496087011543,0,1,0,0,1,0,0.0,1.0
0,45.550549529354235,0.0,0.0,0.0,2.3233384884755366,1,0,1,0,0,1,1.0,0.0
1,47.7524092547103,0.0,6.0,0.0,10.354900758171928,1,0,1,0,1,0,1.0,0.0
1,36.28226285791851,0.0,0.0,0.0,1.9747188120397587,0,1,0,0,1,0,0.0,1.0
1,22.964293156127596,0.0,0.0,0.0,0.0,0,1,0,0,0,1,0.0,1.0
0,28.286782453212705,0.0,0.0,0.0,10.576565641159823,1,1,0,0,1,0,1.0,0.0
1,30.96967992579714,0.0,0.0,0.0,10.42065218834487,1,1,0,0,1,0,1.0,0.0
1,36.04072582174019,0.0,0.0,0.0,1.0027487031429145,0,1,0,0,0,1,1.0,0.0
1,35.16609226552479,0.0,0.0,0.0,3.3770318527025607,1,1,0,0,0,1,1.0,0.0
0,45.491757775761165,0.0,0.0,0.0,7.51453860893332,0,0,1,0,1,0,1.0,0.0
1,48.068795634682736,0.0,0.0,0.0,0.0,1,0,0,0,1,0,0.0,1.0
1,22.293605913058126,0.0,0.0,0.0,2.016383280456628,1,0,0,1,0,1,0.0,1.0
0,31.785313788719016,0.0,0.0,0.0,0.0,0,1,0,0,0,1,1.0,0.0
0,22.852105541548028,0.0,0.0,1.0,0.22470526805877933,1,1,0,0,0,1,1.0,0.0
1,23.84658512476541,0.0,0.0,1.0,0.9131692868297454,1,1,0,0,0,1,1.0,0.0
1,28.919394133516104,0.0,0.0,1.0,0.20296224905567117,1,1,0,0,1,0,1.0,0.0
1,28.33224628124499,0.0,0.0,0.0,2.054019483513509,0,1,0,0,1,0,1.0,0.0
1,39.22550342952327,0.0,0.0,0.0,2.5868569290764345,0,1,0,0,1,0,1.0,0.0
1,28.87995929449624,0.0,0.0,1.0,0.0,0,1,0,0,0,1,0.0,1.0
1,34.96756621319635,0.0,0.0,0.0,10.197746295787564,0,1,0,0,0,1,1.0,0.0
1,22.978348083627534,1.0,0.0,0.0,0.0,0,1,0,0,0,1,1.0,0.0
1,22.348567005112727,0.0,0.0,0.0,0.1374458421237362,0,0,0,1,1,0,0.0,1.0
1,22.457318013456035,0.0,0.0,4.0,4.18604154891396,0,0,0,1,1,0,1.0,0.0
1,22.32347308698807,0.0,0.0,0.0,2.1928392105730596,1,0,0,1,1,0,0.0,1.0
1,22.59475698299838,0.0,0.0,1.0,0.10396763549040194,0,0,0,1,1,0,0.0,1.0
0,22.812950821632647,0.0,0.0,0.0,0.06696610212393928,1,0,0,1,0,1,0.0,1.0
1,29.068812134129463,0.0,0.0,0.0,11.022438490333492,1,1,0,0,0,1,1.0,0.0
1,43.80992870524281,0.0,0.0,0.0,0.0,0,1,0,0,1,0,1.0,0.0
1,22.358282380664395,0.0,0.0,0.0,0.02192885337781003,0,0,0,1,1,0,1.0,0.0
0,27.942702189319938,0.0,0.0,0.0,0.11021230265399456,0,1,0,0,1,0,0.0,1.0
1,34.94726527817467,2.0,0.0,0.0,7.357206061806616,1,1,0,0,1,0,1.0,0.0
0,29.072478227761092,0.0,0.0,0.0,3.812314934688649,1,1,0,0,0,1,0.0,1.0
1,45.48883823366402,0.0,0.0,0.0,6.287371127645665,1,0,1,0,1,0,1.0,0.0
1,48.06957442172886,0.0,0.0,0.0,13.20701022400466,1,0,1,0,0,1,1.0,0.0
1,34.58279401503596,0.0,0.0,2.0,16.069298140435333,1,1,0,0,1,0,1.0,0.0
1,29.127374770828546,0.0,0.0,0.0,20.33546756086918,1,1,0,0,1,0,1.0,0.0
1,22.242380577689946,0.0,0.0,0.0,0.0,1,0,0,1,0,1,1.0,0.0
1,48.12740228995348,0.0,0.0,0.0,9.905904717239352,1,0,0,0,1,0,1.0,0.0
0,29.057665037198355,0.0,0.0,0.0,0.0,0,1,0,0,0,1,0.0,1.0
1,28.54921106961613,0.0,0.0,0.0,0.07075743177096744,1,1,0,0,1,0,1.0,0.0
1,23.214537505217805,0.0,0.0,0.0,0.09617366105892944,0,1,0,0,0,1,1.0,0.0
1,22.394573573786385,0.0,0.0,0.0,17.153248433556776,1,0,0,1,0,1,1.0,0.0
0,21.937929968298434,0.0,0.0,0.0,0.002246506430078732,0,0,0,1,1,0,1.0,0.0
1,36.21726268921641,0.0,0.0,0.0,0.48877277583656353,0,1,0,0,0,1,1.0,0.0
1,38.79539756312194,0.0,0.0,0.0,0.26292132067843843,1,1,0,0,0,1,1.0,0.0
1,22.73904476186496,0.0,0.0,0.0,5.121166497026425,1,0,0,1,0,1,1.0,0.0
1,36.29466715878821,0.0,0.0,0.0,0.7117777818906788,1,1,0,0,0,1,0.0,1.0
1,28.906301848775062,0.0,0.0,0.0,2.1532576492507682,0,1,0,0,1,0,1.0,0.0
1,28.46060081777436,0.0,0.0,0.0,0.11011005051572054,1,1,0,0,0,1,0.0,1.0
1,43.744314890155955,0.0,0.0,0.0,18.510727403803934,1,1,0,0,1,0,1.0,0.0
1,37.746536871931006,0.0,0.0,0.0,10.564121725371443,1,1,0,0,1,0,1.0,0.0
0,47.652852222565855,0.0,0.0,0.0,0.10466008292591567,0,0,1,0,0,1,1.0,0.0
1,28.29320975434103,0.0,0.0,0.0,24.851093031940295,1,1,0,0,1,0,1.0,0.0
0,29.07261752239215,0.0,0.0,1.0,8.683471891468507,0,1,0,0,0,1,1.0,0.0
0,45.80058583952362,0.0,0.0,0.0,21.56572590261719,0,0,1,0,0,1,0.0,1.0
1,45.738550823841734,0.0,0.0,0.0,11.199356892808407,0,0,1,0,1,0,1.0,0.0
0,43.169806850815775,0.0,0.0,0.0,0.5966976697180822,0,1,0,0,1,0,1.0,0.0
1,35.272667357294424,0.0,0.0,0.0,11.119283269653792,1,1,0,0,0,1,1.0,0.0
1,31.034913140564807,0.0,0.0,0.0,2.8577330206322094,1,1,0,0,0,1,1.0,0.0
1,35.56564132511734,0.0,0.0,0.0,0.42948957062339727,0,1,0,0,0,1,0.0,1.0
1,38.25815478073848,0.0,0.0,0.0,13.756613758065608,1,1,0,0,1,0,1.0,0.0
1,23.01617191136337,0.0,0.0,0.0,0.18573341807500743,0,1,0,0,0,1,1.0,0.0
1,28.295671566542108,0.0,0.0,0.0,2.965788243884053,0,1,0,0,0,1,1.0,0.0
1,27.89634132149586,0.0,0.0,1.0,0.4388580212791239,1,1,0,0,0,1,1.0,0.0
0,42.55147876695438,0.0,0.0,0.0,0.013269959099581452,0,1,0,0,1,0,1.0,0.0
0,38.97908732322438,0.0,0.0,0.0,0.0,1,1,0,0,1,0,0.0,1.0
1,22.346734343288905,0.0,0.0,0.0,13.979253235043616,1,0,0,1,1,0,1.0,0.0
1,46.84474244985501,0.0,0.0,0.0,0.0,0,0,1,0,0,1,0.0,1.0
1,28.41586326136908,0.0,0.0,0.0,1.8735727516219005,1,1,0,0,0,1,0.0,1.0
1,28.972385337617446,0.0,0.0,0.0,14.974916648767213,1,1,0,0,1,0,1.0,0.0
1,22.49779561781129,0.0,0.0,1.0,8.861895670207081,1,0,0,1,0,1,1.0,0.0
1,28.238868626574636,0.0,0.0,0.0,2.1637708540620415,1,1,0,0,1,0,1.0,0.0
1,29.121689786658145,2.0,0.0,0.0,16.7060118021189,1,1,0,0,1,0,1.0,0.0
1,22.358024671728334,0.0,0.0,1.0,22.97384357276457,0,0,0,1,1,0,1.0,0.0
1,34.662343224951385,0.0,0.0,1.0,9.482139406061306,1,1,0,0,1,0,1.0,0.0
1,28.709038434582936,0.0,0.0,0.0,33.003956960121606,1,1,0,0,0,1,1.0,0.0
1,29.26988869476626,0.0,0.0,0.0,5.538182980943414,1,1,0,0,1,0,1.0,0.0
1,34.85244247940967,2.0,0.0,0.0,27.331076751211086,0,1,0,0,1,0,0.0,1.0
0,22.350048904558395,0.0,0.0,0.0,0.0,0,0,0,1,0,1,0.0,1.0
1,39.52780970350235,0.0,0.0,0.0,9.373136772583123,1,1,0,0,1,0,1.0,0.0
0,47.90577412666847,0.0,0.0,0.0,13.863320591706529,0,0,1,0,1,0,1.0,0.0
1,22.3374564708868,0.0,0.0,0.0,0.8696987442755479,1,0,0,1,1,0,0.0,1.0
1,21.922569486977707,0.0,0.0,0.0,11.002625551787748,1,0,1,1,1,0,1.0,0.0
1,28.257160656467498,0.0,0.0,0.0,0.0,1,1,0,0,1,0,1.0,0.0
0,47.27582835965959,0.0,0.0,0.0,5.699439622888017,1,0,1,0,1,0,1.0,0.0
1,34.773064134658355,0.0,0.0,2.0,1.1488932409604673,0,1,0,0,0,1,1.0,0.0
0,38.8633700975516,0.0,0.0,0.0,0.4120151917504734,1,1,0,0,1,0,1.0,0.0
0,47.9972571538272,0.0,0.0,0.0,0.0,0,0,1,1,1,0,1.0,0.0
1,23.356755897109494,0.0,0.0,0.0,3.112802826772269,1,1,0,0,1,0,1.0,0.0
1,22.148945598944557,0.0,0.0,0.0,0.0,0,0,0,1,1,0,0.0,1.0
1,28.546609786461676,0.0,0.0,0.0,0.7692961264991004,0,1,0,0,1,0,1.0,0.0
1,22.355129026300247,0.0,0.0,0.0,0.24234240866140208,1,0,0,1,0,1,0.0,1.0
1,35.592257753966315,0.0,0.0,0.0,1.1306473908209087,0,1,0,0,0,1,1.0,0.0
1,29.514219235826396,0.0,0.0,0.0,6.302044155282579,0,1,0,0,1,0,1.0,0.0
1,46.70771391934908,0.0,0.0,0.0,0.21447144399460136,1,0,1,0,1,0,0.0,1.0
1,34.73069467440974,0.0,0.0,0.0,17.72726059386663,1,1,0,0,0,1,1.0,0.0
1,23.085606788308656,0.0,0.0,0.0,0.0,0,1,0,0,0,1,1.0,0.0
1,34.968977055073864,0.0,0.0,0.0,16.967877761616293,0,1,0,0,0,1,0.0,1.0
1,45.44283685497274,0.0,0.0,0.0,9.323290768330809,0,0,1,0,1,0,1.0,0.0
1,37.63443775881302,0.0,0.0,0.0,0.8599516885711902,0,1,0,0,0,1,0.0,1.0
1,28.490517425434923,0.0,0.0,0.0,0.0,0,1,0,0,1,0,1.0,0.0
1,22.334150443412877,0.0,0.0,0.0,7.429320850125388,0,0,0,1,0,1,1.0,0.0
1,22.883820486796004,0.0,0.0,1.0,0.1144952634370523,1,1,0,0,1,0,1.0,0.0
1,46.00687347416473,0.0,0.0,0.0,0.2035158025162751,1,0,1,0,1,0,1.0,0.0
1,45.885959813755925,0.0,0.0,0.0,0.0,0,0,1,0,1,0,1.0,0.0
1,27.77891206842181,0.0,0.0,0.0,22.02524799702712,0,1,0,0,0,1,1.0,0.0
1,46.30012377628065,0.0,0.0,0.0,7.397706711710365,0,0,1,0,1,0,1.0,0.0
0,47.21301374864196,0.0,0.0,0.0,0.0,1,0,1,0,1,0,0.0,1.0
1,22.69792045946739,0.0,0.0,0.0,0.8304239002083942,0,0,0,1,0,1,1.0,0.0
1,22.49685538058165,0.0,0.0,1.0,0.13256376351828397,0,0,0,1,0,1,0.0,1.0
1,35.09311130520182,0.0,0.0,2.0,7.0172395833145735,1,1,0,0,1,0,1.0,0.0
1,22.88951109639966,0.0,0.0,0.0,33.288211212764324,1,1,0,0,0,1,1.0,0.0
1,21.993447802837945,0.0,0.0,0.0,0.0,0,0,0,0,0,1,0.0,1.0
1,22.57351218660471,0.0,0.0,0.0,0.0,0,0,0,1,1,0,1.0,0.0
0,22.3512322965111,0.0,0.0,0.0,2.932175195583022,1,0,0,1,1,0,1.0,0.0
1,23.09921380844252,0.0,0.0,0.0,0.0,0,1,0,0,1,0,0.0,1.0
1,29.013857757341768,0.0,0.0,0.0,0.13998694754607344,0,1,0,0,1,0,0.0,1.0
0,35.0620580492554,0.0,0.0,0.0,9.412085425773514,1,1,0,0,0,1,0.0,1.0
1,31.48313387891744,0.0,0.0,0.0,29.58268592115915,1,1,0,0,0,1,1.0,0.0
1,46.895405234768404,0.0,0.0,0.0,0.0,1,0,1,0,0,1,0.0,1.0
1,28.55869350754492,0.0,0.0,0.0,15.592739359972711,1,1,0,0,1,0,1.0,0.0
1,28.46873544790591,0.0,0.0,0.0,3.6150628949892014,0,1,0,0,0,1,1.0,0.0
1,28.099439285264456,0.0,0.0,0.0,3.835839798238925,0,1,0,0,1,0,1.0,0.0
1,22.455948163915206,0.0,0.0,0.0,0.3416766135340631,1,0,0,1,0,1,0.0,1.0
1,28.356706947425973,0.0,0.0,0.0,9.386326139615507,0,1,0,0,1,0,1.0,0.0
1,21.946952645142623,2.0,0.0,1.0,19.923885213644205,1,0,1,0,0,1,1.0,0.0
1,28.189933541071884,0.0,0.0,0.0,0.04276303883952526,1,1,0,0,0,1,0.0,1.0
1,28.536953142082908,1.0,0.0,0.0,21.178912636935607,1,1,0,0,1,0,1.0,0.0
0,38.291120539289906,2.0,0.0,0.0,25.372702198649737,1,1,0,0,0,1,1.0,0.0
1,48.11905467893236,0.0,0.0,0.0,0.8288589487797429,0,0,0,1,0,1,1.0,0.0
1,28.311605814401396,0.0,0.0,0.0,0.0,1,1,0,0,0,1,1.0,0.0
1,28.94266092128328,0.0,0.0,0.0,17.171786793745955,1,1,0,0,0,1,1.0,0.0
0,46.15645595485944,0.0,0.0,0.0,0.0,1,0,1,0,1,0,0.0,1.0
1,35.44373880638672,0.0,0.0,0.0,1.2136854065255869,1,1,0,0,1,0,1.0,0.0
1,22.938419856974715,0.0,0.0,0.0,0.0,0,1,0,0,0,1,1.0,0.0
1,28.790317733417673,0.0,0.0,0.0,0.7249243196790163,1,1,0,0,1,0,1.0,0.0
1,23.458526319127806,0.0,0.0,0.0,1.0155595457931779,1,1,0,0,1,0,1.0,0.0
0,47.913809737897374,0.0,0.0,0.0,0.0,0,0,1,0,0,1,1.0,0.0
1,44.34071482171712,0.0,0.0,0.0,2.1545949338249666,1,1,0,0,0,1,0.0,1.0
1,46.85301529408655,0.0,0.0,0.0,8.391672976116856,1,0,1,0,0,1,1.0,0.0
1,28.85170752216031,0.0,0.0,0.0,3.8210655446401165,0,1,0,0,0,1,1.0,0.0
0,22.353782966175835,2.0,0.0,0.0,0.906708545848654,0,0,0,1,0,1,0.0,1.0
1,47.94833421231473,0.0,0.0,1.0,6.760620334059899,0,0,1,0,1,0,1.0,0.0
1,46.71331132494785,0.0,0.0,0.0,9.254914288203791,0,0,1,0,1,0,1.0,0.0
0,22.884667115302328,0.0,0.0,0.0,1.5197475419344935,1,1,0,0,1,0,0.0,1.0
1,39.94027070860762,0.0,0.0,0.0,2.349756839970601,0,0,0,1,0,1,1.0,0.0
0,39.60712328895539,0.0,0.0,0.0,0.5820468090595203,0,1,0,0,0,1,0.0,1.0
0,35.45334352546291,3.0,0.0,0.0,1.0387817856290749,0,1,0,0,0,1,1.0,0.0
1,28.452116011519667,0.0,0.0,0.0,1.8815613318884348,0,1,0,0,1,0,0.0,1.0
1,38.26140073600521,0.0,0.0,0.0,9.293686912500865,1,1,0,0,0,1,0.0,1.0
1,22.43414127680173,0.0,0.0,0.0,0.0,1,0,0,1,1,0,0.0,1.0
1,28.749940627931505,0.0,0.0,0.0,1.03944490769858,1,1,0,0,1,0,0.0,1.0
1,31.447338166457392,0.0,0.0,0.0,2.0112252959018866,1,1,0,0,0,1,1.0,0.0
1,22.303401424457228,0.0,0.0,0.0,0.0,1,0,0,1,0,1,0.0,1.0
0,22.349781726616293,0.0,0.0,0.0,0.9554244624908568,1,0,0,1,0,1,0.0,1.0
1,22.627844817221224,0.0,0.0,1.0,0.0,1,0,0,1,1,0,0.0,1.0
1,48.02620725889987,0.0,0.0,0.0,1.0870063685527533,1,0,0,0,1,0,1.0,0.0
1,22.694532893330326,0.0,0.0,0.0,9.679146622002726,1,0,0,1,0,1,1.0,0.0
1,22.358475793880412,0.0,0.0,0.0,7.148814961906278,1,0,0,1,1,0,1.0,0.0
1,22.324889580151257,0.0,0.0,2.0,10.427455797548165,0,0,0,1,0,1,1.0,0.0
1,29.15834613859417,0.0,0.0,0.0,0.5021545039525439,1,1,0,0,0,1,1.0,0.0
1,29.22222030879456,0.0,0.0,0.0,5.27126137162267,0,1,0,0,1,0,1.0,0.0
1,22.35666575245991,0.0,0.0,0.0,12.672895908884616,1,0,0,1,1,0,1.0,0.0
0,45.024531848058196,0.0,0.0,1.0,3.835805551832374,1,1,0,0,1,0,1.0,0.0
1,27.830365124783857,0.0,0.0,0.0,0.8553171505552827,0,1,0,0,1,0,0.0,1.0
1,34.98127339636226,0.0,0.0,0.0,0.9982327157445638,0,1,0,0,1,0,1.0,0.0
1,23.434051276533886,0.0,0.0,0.0,10.522186312976958,1,1,0,0,0,1,0.0,1.0
1,22.550758574238937,0.0,0.0,0.0,0.0,1,0,0,1,0,1,0.0,1.0
1,22.335324541711508,0.0,0.0,0.0,0.16111718239242503,0,0,0,1,0,1,1.0,0.0
1,22.356070724796247,0.0,0.0,1.0,3.0600648960979178,1,0,0,1,0,1,0.0,1.0
1,22.33791600993314,3.0,0.0,0.0,0.23282335321650005,0,0,0,1,0,1,1.0,0.0
1,28.84279442899569,0.0,0.0,0.0,31.753788762461014,1,1,0,0,1,0,1.0,0.0
0,22.447599890723602,0.0,0.0,0.0,1.9676583132471093,1,0,0,1,1,0,0.0,1.0
1,47.04254627667451,0.0,0.0,0.0,0.0,0,0,1,0,1,0,1.0,0.0
1,28.577604252450932,0.0,0.0,0.0,0.6031542022414756,0,1,0,0,1,0,0.0,1.0
1,28.072161517412038,0.0,0.0,0.0,3.9199037113951487,1,1,0,0,1,0,1.0,0.0
1,28.46992174446005,0.0,0.0,0.0,0.43280387233389916,0,1,0,0,0,1,1.0,0.0
1,29.289919615357235,0.0,0.0,0.0,3.762318871651468,1,1,0,0,0,1,1.0,0.0
1,36.07360900675772,0.0,0.0,0.0,0.0,1,1,0,0,1,0,0.0,1.0
1,39.12440679726088,0.0,0.0,0.0,0.799063841563309,0,1,0,0,1,0,0.0,1.0
0,34.980949800976816,0.0,0.0,0.0,0.0,0,1,0,0,0,1,0.0,1.0
1,32.08794116215415,0.0,0.0,0.0,7.286957704858646,1,1,0,0,1,0,1.0,0.0
1,38.21042208489546,0.0,0.0,0.0,0.1311504652755138,0,1,0,0,1,0,0.0,1.0
1,47.09618841711671,3.0,0.0,0.0,6.358649162373338,1,0,1,0,1,0,1.0,0.0
1,28.510906280331028,0.0,0.0,1.0,3.6264354723848826,1,1,0,0,1,0,1.0,0.0
0,35.56401541415264,0.0,0.0,0.0,10.085267238455017,1,1,0,0,1,0,1.0,0.0
0,45.395394295894086,0.0,0.0,0.0,8.85835477679806,0,0,1,0,1,0,1.0,0.0
0,22.293529927207167,0.0,0.0,2.0,6.904832034265756,0,0,0,1,1,0,1.0,0.0
1,23.16920574935132,0.0,0.0,0.0,0.0,0,1,0,0,1,0,1.0,0.0
1,22.732483471310623,0.0,0.0,2.0,0.0,1,0,0,1,0,1,1.0,0.0
1,38.085593753077674,0.0,0.0,0.0,0.6375823455154159,1,1,0,0,1,0,0.0,1.0
1,47.67645589596589,0.0,0.0,0.0,0.0,0,0,1,0,0,1,0.0,1.0
1,35.866827588440195,0.0,1.0,1.0,0.0,1,1,0,0,1,0,1.0,0.0
1,38.752656753030024,0.0,0.0,0.0,6.857702088901686,0,1,0,0,1,0,1.0,0.0
